case,rule,prtol,scale,setup_s,run_s,steps,points_median,points_max
rect,F32x16,1e-7,1,0.14,200.64,413,512,512
he1m_strong,F64x1,1e-8,1,0.14,255.38,3682,64,64
vortex,F64x5,1e-7,1,0.18,346.54,675,320,320
he1m_strong,F128x1,1e-8,1,0.15,465.68,3351,128,128
rect,F64x32,1e-7,1,0.24,661.81,328,2048,2048
vortex,F128x5,1e-7,1,0.09,738.42,674,640,640
he1m_strong,F256x1,1e-8,1,0.19,856.77,2930,256,256
vortex,F256x5,1e-7,1,0.20,1481.25,673,1280,1280
he1m_strong,F512x1,1e-8,1,0.28,1352.74,2523,512,512
rect,F128x64,1e-7,1,0.29,1998.04,242,8192,8192
vortex,A1e-3m512,1e-7,1,0.13,539.98,678,323,527
vortex,F32x5,1e-7,1,0.12,168.89,676,160,160
rect,A1e-3m512,1e-7,1,0.12,318.16,423,527,527
mixed,F128x32,1e-7,1,0.12,3571.05,435,4096,4096
he1m_strong,A1e-3m512,1e-8,1,0.13,748.15,3814,127,255
rect,F64x16,1e-7,1,0.13,343.32,364,1024,1024
rect,F16x8,1e-7,1,0.12,48.32,409,128,128
he1m_strong,F32x1,1e-8,1,0.13,149.90,4064,32,32
rect,F32x8,1e-7,1,0.13,89.62,376,256,256
vortex,F64x8,1e-7,1,0.14,632.48,675,512,512
he1m_strong,F256x1,1e-6,1,0.13,192.45,742,256,256
vortex,A1e-3m512,1e-6,1,0.13,337.17,423,289,527
he1m_strong,F256x1,1e-7,1,0.13,320.79,1258,256,256
he1m_strong,A1e-3m512,1e-6,1,0.12,138.83,754,127,255
mixed,F64x16,1e-7,1,0.15,988.61,529,1024,1024
vortex,A1e-3m100000,1e-6,1,0.12,351.40,423,323,731
rect,F128x32,1e-7,1,0.18,1032.43,278,4096,4096
he1m_strong,A1e-4m512,1e-6,1,0.13,564.27,741,511,1023
vortex,A1e-4m512,1e-6,1,0.14,465.40,423,527,527
he1m_strong,A1e-3m100000,1e-6,1,0.12,140.17,754,127,255
vortex,F32x5,1e-6,1,0.55,106.69,423,160,160
he1m_strong,F32x1,1e-6,1,0.14,28.94,776,32,32
he1m_strong,F64x1,1e-6,1,0.14,51.53,757,64,64
he1m_strong,F128x1,1e-6,1,0.13,97.34,748,128,128
vortex,F64x5,1e-6,1,0.23,211.49,423,320,320
he1m_weak,F64x1,1e-8,1,0.13,26.45,443,64,64
he1m_weak,F128x1,1e-8,1,0.13,52.43,443,128,128
he1m_weak,F256x1,1e-8,1,0.13,106.02,443,256,256
he1m_weak,A1e-3m512,1e-8,1,0.13,22.04,443,31,31
he1m_weak,F32x1,1e-8,1,0.05,14.03,443,32,32
he1m_weak,F128x1,1e-6,1,0.12,20.07,170,128,128
he1m_weak,A1e-3m512,1e-6,1,0.12,8.27,170,31,31
he1m_weak,A1e-4m512,1e-6,1,0.13,8.20,170,31,31
he1m_weak,F16x1,1e-6,1,0.05,3.07,170,16,16
vortex,F64x8,1e-6,1,0.13,397.02,423,512,512
he1m_weak,F32x1,1e-6,1,0.06,5.44,170,32,32
he1m_weak,F64x1,1e-6,1,0.13,10.13,170,64,64
he1m_weak,A1e-5m100000,1e-8,1,0.12,21.45,443,31,31
rect,F64x64,1e-7,1,0.17,1062.82,283,4096,4096
rect,A1e-3m512,1e-6,1,0.13,114.92,150,527,527
vortex,F128x5,1e-6,1,0.14,418.90,423,640,640
mixed,F64x32,1e-7,1,0.24,1765.86,472,2048,2048
vortex,F64x16,1e-6,1,0.07,780.81,423,1024,1024
mixed,F64x12,1e-7,1,0.14,777.57,557,768,768
rect,A1e-3m100000,1e-6,1,0.12,1122.71,111,7055,13923
vortex,F64x5,1e-8,1,0.12,537.08,1099,320,320
rect,A1e-4m512,1e-6,1,0.12,113.48,150,527,527
rect,F16x8,1e-6,1,0.12,17.20,146,128,128
rect,F32x8,1e-6,1,0.12,31.62,136,256,256
rect,F32x16,1e-6,1,0.12,69.89,151,512,512
rect,F64x16,1e-6,1,0.14,124.65,134,1024,1024
he1m_strong,A1e-4m100000,1e-8,1,0.14,2176.86,2731,511,2047
rect,F64x32,1e-6,1,0.20,230.72,126,2048,2048
mixed,A1e-3m512,1e-7,1,0.12,1081.58,833,527,527
rect,F128x32,1e-6,1,0.11,419.36,113,4096,4096
mixed,F32x16,1e-7,1,0.15,554.58,595,512,512
vortex,A1e-4m100000,1e-7,1,0.17,1940.82,673,1173,2703
mixed,F64x24,1e-7,1,0.16,1383.95,493,1536,1536
rect,F64x32,1e-8,1,0.14,1721.34,922,2048,2048
mixed,F128x16,1e-7,1,1.12,1772.58,471,2048,2048
mixed,F64x16,1e-8,1,0.27,2790.71,1487,1024,1024
mixed,A1e-3m512,1e-6,1,0.15,427.28,319,527,527
he1m_strong,A1e-5m100000,1e-8,1,0.15,7513.56,2096,2047,8191
