julia_threads,blas_threads,case,m,k,n,exec_s
1,1,radial_real,4096,64,64,7.556875e-04
1,2,radial_real,4096,64,64,3.867523e-04
1,4,radial_real,4096,64,64,2.108867e-04
1,8,radial_real,4096,64,64,1.393392e-04
1,1,radial_complex,4096,64,64,3.562318e-03
1,2,radial_complex,4096,64,64,1.805736e-03
1,4,radial_complex,4096,64,64,9.487437e-04
1,8,radial_complex,4096,64,64,7.390533e-04
1,1,radial_real,4096,256,256,1.131275e-02
1,2,radial_real,4096,256,256,5.831431e-03
1,4,radial_real,4096,256,256,3.141187e-03
1,8,radial_real,4096,256,256,1.622507e-03
1,1,radial_complex,4096,256,256,5.615360e-02
1,2,radial_complex,4096,256,256,2.845355e-02
1,4,radial_complex,4096,256,256,1.481212e-02
1,8,radial_complex,4096,256,256,7.411101e-03
1,1,radial_real,4096,1024,1024,1.764188e-01
1,2,radial_real,4096,1024,1024,8.970958e-02
1,4,radial_real,4096,1024,1024,4.703857e-02
1,8,radial_real,4096,1024,1024,2.396422e-02
1,1,radial_complex,4096,1024,1024,8.830933e-01
1,2,radial_complex,4096,1024,1024,4.465140e-01
1,4,radial_complex,4096,1024,1024,2.236428e-01
1,8,radial_complex,4096,1024,1024,1.162634e-01
1,1,modal_synth_4modes,8192,4,16,5.896460e-05
1,2,modal_synth_4modes,8192,4,16,3.143186e-05
1,4,modal_synth_4modes,8192,4,16,3.140536e-05
1,8,modal_synth_4modes,8192,4,16,3.134888e-05
1,1,modal_proj_4modes,8192,16,4,4.785380e-05
1,2,modal_proj_4modes,8192,16,4,2.776795e-05
1,4,modal_proj_4modes,8192,16,4,2.771329e-05
1,8,modal_proj_4modes,8192,16,4,2.771147e-05
1,1,modal_synth_4modes,8192,4,64,2.167454e-04
1,2,modal_synth_4modes,8192,4,64,1.109674e-04
1,4,modal_synth_4modes,8192,4,64,6.270433e-05
1,8,modal_synth_4modes,8192,4,64,7.359929e-05
1,1,modal_proj_4modes,8192,64,4,1.837971e-04
1,2,modal_proj_4modes,8192,64,4,1.198348e-04
1,4,modal_proj_4modes,8192,64,4,6.365846e-05
1,8,modal_proj_4modes,8192,64,4,3.825593e-05
1,1,modal_synth_4modes,8192,4,256,1.056289e-03
1,2,modal_synth_4modes,8192,4,256,5.432752e-04
1,4,modal_synth_4modes,8192,4,256,2.577194e-04
1,8,modal_synth_4modes,8192,4,256,3.352543e-04
1,1,modal_proj_4modes,8192,256,4,9.966224e-04
1,2,modal_proj_4modes,8192,256,4,8.288681e-04
1,4,modal_proj_4modes,8192,256,4,3.063240e-04
1,8,modal_proj_4modes,8192,256,4,2.013368e-04
1,1,modal_synth_16modes,8192,16,16,1.313559e-04
1,2,modal_synth_16modes,8192,16,16,6.752723e-05
1,4,modal_synth_16modes,8192,16,16,3.758828e-05
1,8,modal_synth_16modes,8192,16,16,2.850705e-05
1,1,modal_proj_16modes,8192,16,16,1.303318e-04
1,2,modal_proj_16modes,8192,16,16,6.763259e-05
1,4,modal_proj_16modes,8192,16,16,3.781580e-05
1,8,modal_proj_16modes,8192,16,16,2.601768e-05
1,1,modal_synth_16modes,8192,16,64,4.573769e-04
1,2,modal_synth_16modes,8192,16,64,2.254552e-04
1,4,modal_synth_16modes,8192,16,64,1.177580e-04
1,8,modal_synth_16modes,8192,16,64,1.087382e-04
1,1,modal_proj_16modes,8192,64,16,4.597971e-04
1,2,modal_proj_16modes,8192,64,16,2.305331e-04
1,4,modal_proj_16modes,8192,64,16,1.216140e-04
1,8,modal_proj_16modes,8192,64,16,7.545177e-05
1,1,modal_synth_16modes,8192,16,256,1.852141e-03
1,2,modal_synth_16modes,8192,16,256,8.714188e-04
1,4,modal_synth_16modes,8192,16,256,4.615330e-04
1,8,modal_synth_16modes,8192,16,256,4.120304e-04
1,1,modal_proj_16modes,8192,256,16,2.064697e-03
1,2,modal_proj_16modes,8192,256,16,1.074650e-03
1,4,modal_proj_16modes,8192,256,16,5.215234e-04
1,8,modal_proj_16modes,8192,256,16,4.264987e-04
4,1,radial_real,4096,64,64,7.565470e-04
4,2,radial_real,4096,64,64,3.864046e-04
4,4,radial_real,4096,64,64,2.104868e-04
4,8,radial_real,4096,64,64,1.383633e-04
4,1,radial_complex,4096,64,64,3.548879e-03
4,2,radial_complex,4096,64,64,1.798875e-03
4,4,radial_complex,4096,64,64,9.445228e-04
4,8,radial_complex,4096,64,64,5.076950e-04
4,1,radial_real,4096,256,256,1.147039e-02
4,2,radial_real,4096,256,256,5.831683e-03
4,4,radial_real,4096,256,256,3.148732e-03
4,8,radial_real,4096,256,256,1.624520e-03
4,1,radial_complex,4096,256,256,5.595546e-02
4,2,radial_complex,4096,256,256,2.839313e-02
4,4,radial_complex,4096,256,256,1.480855e-02
4,8,radial_complex,4096,256,256,7.446318e-03
4,1,radial_real,4096,1024,1024,1.766714e-01
4,2,radial_real,4096,1024,1024,8.968673e-02
4,4,radial_real,4096,1024,1024,4.703997e-02
4,8,radial_real,4096,1024,1024,2.438272e-02
4,1,radial_complex,4096,1024,1024,8.820929e-01
4,2,radial_complex,4096,1024,1024,4.461307e-01
4,4,radial_complex,4096,1024,1024,2.239250e-01
4,8,radial_complex,4096,1024,1024,1.162838e-01
4,1,modal_synth_4modes,8192,4,16,5.948859e-05
4,2,modal_synth_4modes,8192,4,16,3.142379e-05
4,4,modal_synth_4modes,8192,4,16,3.141364e-05
4,8,modal_synth_4modes,8192,4,16,3.137187e-05
4,1,modal_proj_4modes,8192,16,4,4.809457e-05
4,2,modal_proj_4modes,8192,16,4,2.767079e-05
4,4,modal_proj_4modes,8192,16,4,2.769261e-05
4,8,modal_proj_4modes,8192,16,4,2.836837e-05
4,1,modal_synth_4modes,8192,4,64,2.170215e-04
4,2,modal_synth_4modes,8192,4,64,1.107038e-04
4,4,modal_synth_4modes,8192,4,64,6.214770e-05
4,8,modal_synth_4modes,8192,4,64,7.247309e-05
4,1,modal_proj_4modes,8192,64,4,1.844530e-04
4,2,modal_proj_4modes,8192,64,4,1.195860e-04
4,4,modal_proj_4modes,8192,64,4,6.479800e-05
4,8,modal_proj_4modes,8192,64,4,3.812591e-05
4,1,modal_synth_4modes,8192,4,256,1.066672e-03
4,2,modal_synth_4modes,8192,4,256,5.873819e-04
4,4,modal_synth_4modes,8192,4,256,3.294746e-04
4,8,modal_synth_4modes,8192,4,256,3.396945e-04
4,1,modal_proj_4modes,8192,256,4,9.952148e-04
4,2,modal_proj_4modes,8192,256,4,7.547161e-04
4,4,modal_proj_4modes,8192,256,4,3.311322e-04
4,8,modal_proj_4modes,8192,256,4,2.742746e-04
4,1,modal_synth_16modes,8192,16,16,1.388479e-04
4,2,modal_synth_16modes,8192,16,16,8.072013e-05
4,4,modal_synth_16modes,8192,16,16,3.691879e-05
4,8,modal_synth_16modes,8192,16,16,2.680790e-05
4,1,modal_proj_16modes,8192,16,16,1.348885e-04
4,2,modal_proj_16modes,8192,16,16,6.738051e-05
4,4,modal_proj_16modes,8192,16,16,3.684406e-05
4,8,modal_proj_16modes,8192,16,16,2.746905e-05
4,1,modal_synth_16modes,8192,16,64,4.611980e-04
4,2,modal_synth_16modes,8192,16,64,2.276772e-04
4,4,modal_synth_16modes,8192,16,64,1.209654e-04
4,8,modal_synth_16modes,8192,16,64,1.031759e-04
4,1,modal_proj_16modes,8192,64,16,4.667837e-04
4,2,modal_proj_16modes,8192,64,16,2.329399e-04
4,4,modal_proj_16modes,8192,64,16,1.260624e-04
4,8,modal_proj_16modes,8192,64,16,7.525461e-05
4,1,modal_synth_16modes,8192,16,256,1.957846e-03
4,2,modal_synth_16modes,8192,16,256,9.558839e-04
4,4,modal_synth_16modes,8192,16,256,5.003810e-04
4,8,modal_synth_16modes,8192,16,256,4.293004e-04
4,1,modal_proj_16modes,8192,256,16,2.073045e-03
4,2,modal_proj_16modes,8192,256,16,9.956277e-04
4,4,modal_proj_16modes,8192,256,16,5.290054e-04
4,8,modal_proj_16modes,8192,256,16,3.669045e-04
8,1,radial_real,4096,64,64,7.569326e-04
8,2,radial_real,4096,64,64,3.868579e-04
8,4,radial_real,4096,64,64,2.098790e-04
8,8,radial_real,4096,64,64,1.390608e-04
8,1,radial_complex,4096,64,64,3.551356e-03
8,2,radial_complex,4096,64,64,1.800626e-03
8,4,radial_complex,4096,64,64,9.446698e-04
8,8,radial_complex,4096,64,64,4.944682e-04
8,1,radial_real,4096,256,256,1.145150e-02
8,2,radial_real,4096,256,256,5.827453e-03
8,4,radial_real,4096,256,256,3.140519e-03
8,8,radial_real,4096,256,256,1.613591e-03
8,1,radial_complex,4096,256,256,5.569069e-02
8,2,radial_complex,4096,256,256,2.838125e-02
8,4,radial_complex,4096,256,256,1.482487e-02
8,8,radial_complex,4096,256,256,7.424339e-03
8,1,radial_real,4096,1024,1024,1.764525e-01
8,2,radial_real,4096,1024,1024,9.065040e-02
8,4,radial_real,4096,1024,1024,4.704253e-02
8,8,radial_real,4096,1024,1024,2.406640e-02
8,1,radial_complex,4096,1024,1024,8.818162e-01
8,2,radial_complex,4096,1024,1024,4.464316e-01
8,4,radial_complex,4096,1024,1024,2.307107e-01
8,8,radial_complex,4096,1024,1024,1.172927e-01
8,1,modal_synth_4modes,8192,4,16,5.931159e-05
8,2,modal_synth_4modes,8192,4,16,3.040345e-05
8,4,modal_synth_4modes,8192,4,16,3.043144e-05
8,8,modal_synth_4modes,8192,4,16,3.039031e-05
8,1,modal_proj_4modes,8192,16,4,4.834006e-05
8,2,modal_proj_4modes,8192,16,4,2.767887e-05
8,4,modal_proj_4modes,8192,16,4,2.772431e-05
8,8,modal_proj_4modes,8192,16,4,2.771012e-05
8,1,modal_synth_4modes,8192,4,64,2.169887e-04
8,2,modal_synth_4modes,8192,4,64,1.108668e-04
8,4,modal_synth_4modes,8192,4,64,6.056734e-05
8,8,modal_synth_4modes,8192,4,64,5.740280e-05
8,1,modal_proj_4modes,8192,64,4,1.840838e-04
8,2,modal_proj_4modes,8192,64,4,1.196060e-04
8,4,modal_proj_4modes,8192,64,4,6.442716e-05
8,8,modal_proj_4modes,8192,64,4,3.877781e-05
8,1,modal_synth_4modes,8192,4,256,1.068987e-03
8,2,modal_synth_4modes,8192,4,256,5.595250e-04
8,4,modal_synth_4modes,8192,4,256,3.317753e-04
8,8,modal_synth_4modes,8192,4,256,3.682752e-04
8,1,modal_proj_4modes,8192,256,4,1.032814e-03
8,2,modal_proj_4modes,8192,256,4,8.137465e-04
8,4,modal_proj_4modes,8192,256,4,3.486496e-04
8,8,modal_proj_4modes,8192,256,4,2.414594e-04
8,1,modal_synth_16modes,8192,16,16,1.315628e-04
8,2,modal_synth_16modes,8192,16,16,6.682249e-05
8,4,modal_synth_16modes,8192,16,16,3.654026e-05
8,8,modal_synth_16modes,8192,16,16,2.556191e-05
8,1,modal_proj_16modes,8192,16,16,1.325082e-04
8,2,modal_proj_16modes,8192,16,16,6.682311e-05
8,4,modal_proj_16modes,8192,16,16,3.651222e-05
8,8,modal_proj_16modes,8192,16,16,2.800278e-05
8,1,modal_synth_16modes,8192,16,64,4.634033e-04
8,2,modal_synth_16modes,8192,16,64,2.258015e-04
8,4,modal_synth_16modes,8192,16,64,1.198404e-04
8,8,modal_synth_16modes,8192,16,64,9.781145e-05
8,1,modal_proj_16modes,8192,64,16,4.658081e-04
8,2,modal_proj_16modes,8192,64,16,2.329768e-04
8,4,modal_proj_16modes,8192,64,16,1.252165e-04
8,8,modal_proj_16modes,8192,64,16,7.385009e-05
8,1,modal_synth_16modes,8192,16,256,1.933685e-03
8,2,modal_synth_16modes,8192,16,256,9.473437e-04
8,4,modal_synth_16modes,8192,16,256,4.945351e-04
8,8,modal_synth_16modes,8192,16,256,4.140090e-04
8,1,modal_proj_16modes,8192,256,16,2.064871e-03
8,2,modal_proj_16modes,8192,256,16,1.014508e-03
8,4,modal_proj_16modes,8192,256,16,6.068630e-04
8,8,modal_proj_16modes,8192,256,16,4.299357e-04
