julia_threads,fftw_threads,flag,kind,dims,elements,plan_s,exec_s
1,1,estimate,r,1024,1024,7.537792e-03,1.162300e-06
1,2,estimate,r,1024,1024,6.567080e-04,4.889587e-06
1,4,estimate,r,1024,1024,8.378750e-04,1.156912e-06
1,8,estimate,r,1024,1024,1.036166e-03,1.159912e-06
1,1,estimate,c,1024,1024,6.438291e-03,2.083138e-06
1,2,estimate,c,1024,1024,4.900000e-05,9.475741e-06
1,4,estimate,c,1024,1024,4.758300e-05,1.805517e-05
1,8,estimate,c,1024,1024,5.075000e-05,4.906013e-05
1,1,estimate,r,2048,2048,5.785000e-04,2.576100e-06
1,2,estimate,r,2048,2048,8.139170e-04,6.621243e-06
1,4,estimate,r,2048,2048,9.925420e-04,1.112239e-05
1,8,estimate,r,2048,2048,1.261000e-03,2.565463e-06
1,1,estimate,c,2048,2048,2.537500e-05,4.924875e-06
1,2,estimate,c,2048,2048,3.708300e-05,1.309157e-05
1,4,estimate,c,2048,2048,5.087500e-05,2.211343e-05
1,8,estimate,c,2048,2048,6.075000e-05,5.122937e-05
1,1,estimate,r,4096,4096,6.804580e-04,5.766058e-06
1,2,estimate,r,4096,4096,9.247080e-04,1.041533e-05
1,4,estimate,r,4096,4096,1.139250e-03,1.552770e-05
1,8,estimate,r,4096,4096,1.492375e-03,3.105760e-05
1,1,estimate,c,4096,4096,3.129100e-05,1.119287e-05
1,2,estimate,c,4096,4096,3.533400e-05,2.051779e-05
1,4,estimate,c,4096,4096,4.537500e-05,2.674493e-05
1,8,estimate,c,4096,4096,5.941700e-05,5.722523e-05
1,1,estimate,r,8192,8192,7.715000e-04,1.318039e-05
1,2,estimate,r,8192,8192,1.005250e-03,1.855581e-05
1,4,estimate,r,8192,8192,1.341042e-03,2.364951e-05
1,8,estimate,r,8192,8192,1.742500e-03,3.658647e-05
1,1,estimate,c,8192,8192,5.654200e-05,2.643421e-05
1,2,estimate,c,8192,8192,6.200000e-05,3.536785e-05
1,4,estimate,c,8192,8192,6.895900e-05,3.712437e-05
1,8,estimate,c,8192,8192,1.159580e-04,6.673546e-05
1,1,estimate,r,16384,16384,9.351250e-04,2.876153e-05
1,2,estimate,r,16384,16384,1.063917e-03,3.312465e-05
1,4,estimate,r,16384,16384,1.424042e-03,3.745790e-05
1,8,estimate,r,16384,16384,1.958333e-03,5.397988e-05
1,1,estimate,c,16384,16384,6.691600e-05,1.069020e-04
1,2,estimate,c,16384,16384,5.250000e-05,1.060102e-04
1,4,estimate,c,16384,16384,7.112500e-05,8.337690e-05
1,8,estimate,c,16384,16384,1.050420e-04,1.037538e-04
1,1,estimate,r,32768,32768,1.022709e-03,6.905721e-05
1,2,estimate,r,32768,32768,1.195000e-03,6.510260e-05
1,4,estimate,r,32768,32768,1.574000e-03,6.790214e-05
1,8,estimate,r,32768,32768,2.237500e-03,6.881500e-05
1,1,estimate,c,32768,32768,1.054170e-04,2.813075e-04
1,2,estimate,c,32768,32768,5.587500e-05,1.868668e-04
1,4,estimate,c,32768,32768,7.079200e-05,1.367769e-04
1,8,estimate,c,32768,32768,1.206250e-04,1.257470e-04
1,1,estimate,r,65536,65536,1.303834e-03,1.513130e-04
1,2,estimate,r,65536,65536,1.289459e-03,1.233355e-04
1,4,estimate,r,65536,65536,1.759250e-03,1.104997e-04
1,8,estimate,r,65536,65536,2.488416e-03,1.045465e-04
1,1,estimate,c,65536,65536,1.115830e-04,5.927165e-04
1,2,estimate,c,65536,65536,5.200000e-05,3.503187e-04
1,4,estimate,c,65536,65536,7.325000e-05,2.257408e-04
1,8,estimate,c,65536,65536,1.073750e-04,1.861181e-04
1,1,estimate,r,131072,131072,1.633250e-03,4.510545e-04
1,2,estimate,r,131072,131072,1.401708e-03,3.770881e-04
1,4,estimate,r,131072,131072,1.901500e-03,3.305854e-04
1,8,estimate,r,131072,131072,2.766292e-03,3.215720e-04
1,1,estimate,c,131072,131072,1.814580e-04,1.226419e-03
1,2,estimate,c,131072,131072,4.966600e-05,6.493739e-04
1,4,estimate,c,131072,131072,9.058400e-05,4.463932e-04
1,8,estimate,c,131072,131072,1.199170e-04,2.932030e-04
1,1,estimate,r,262144,262144,2.350667e-03,1.066482e-03
1,2,estimate,r,262144,262144,1.548208e-03,6.426432e-04
1,4,estimate,r,262144,262144,2.041083e-03,4.624469e-04
1,8,estimate,r,262144,262144,3.002125e-03,3.502840e-04
1,1,estimate,c,262144,262144,3.213750e-04,2.545594e-03
1,2,estimate,c,262144,262144,6.112500e-05,1.324184e-03
1,4,estimate,c,262144,262144,9.929100e-05,7.786085e-04
1,8,estimate,c,262144,262144,1.495000e-04,4.513112e-04
1,1,estimate,r,4096x2,8192,8.341583e-03,1.151262e-05
1,2,estimate,r,4096x2,8192,5.320800e-05,1.559879e-05
1,4,estimate,r,4096x2,8192,8.970830e-04,2.162384e-05
1,8,estimate,r,4096x2,8192,1.158542e-03,3.652693e-05
1,1,estimate,r,4096x8,32768,6.495000e-04,4.664224e-05
1,2,estimate,r,4096x8,32768,5.620800e-05,4.858716e-05
1,4,estimate,r,4096x8,32768,9.112500e-05,3.896672e-05
1,8,estimate,r,4096x8,32768,1.305000e-04,5.025371e-05
1,1,estimate,r,4096x32,131072,6.536250e-04,1.865993e-04
1,2,estimate,r,4096x32,131072,5.429200e-05,1.124182e-04
1,4,estimate,r,4096x32,131072,9.000000e-05,7.717255e-05
1,8,estimate,r,4096x32,131072,1.675840e-04,7.290693e-05
1,1,estimate,r,4096x256,1048576,6.589580e-04,1.598840e-03
1,2,estimate,r,4096x256,1048576,5.858300e-05,8.453701e-04
1,4,estimate,r,4096x256,1048576,8.675000e-05,4.759891e-04
1,8,estimate,r,4096x256,1048576,1.429170e-04,2.542661e-04
1,1,estimate,r,4096x1024,4194304,6.571250e-04,6.843706e-03
1,2,estimate,r,4096x1024,4194304,6.187500e-05,3.531112e-03
1,4,estimate,r,4096x1024,4194304,8.495900e-05,1.884417e-03
1,8,estimate,r,4096x1024,4194304,1.450830e-04,1.061635e-03
1,1,estimate,r,16384x2,32768,8.618330e-04,5.687377e-05
1,2,estimate,r,16384x2,32768,6.512500e-05,5.335281e-05
1,4,estimate,r,16384x2,32768,1.087542e-03,6.777039e-05
1,8,estimate,r,16384x2,32768,1.508166e-03,7.132147e-05
1,1,estimate,r,16384x8,131072,8.148750e-04,2.283060e-04
1,2,estimate,r,16384x8,131072,6.925000e-05,1.387569e-04
1,4,estimate,r,16384x8,131072,1.103330e-04,9.228546e-05
1,8,estimate,r,16384x8,131072,1.638330e-04,8.894684e-05
1,1,estimate,r,16384x32,524288,8.038330e-04,9.254862e-04
1,2,estimate,r,16384x32,524288,7.254100e-05,4.900161e-04
1,4,estimate,r,16384x32,524288,1.035410e-04,2.865993e-04
1,8,estimate,r,16384x32,524288,1.785410e-04,1.769672e-04
1,1,estimate,r,16384x256,4194304,8.571670e-04,8.550302e-03
1,2,estimate,r,16384x256,4194304,7.787500e-05,4.479511e-03
1,4,estimate,r,16384x256,4194304,9.779200e-05,2.488978e-03
1,8,estimate,r,16384x256,4194304,1.791670e-04,1.332674e-03
1,1,estimate,r,16384x1024,16777216,8.813750e-04,3.411803e-02
1,2,estimate,r,16384x1024,16777216,6.341700e-05,1.766297e-02
1,4,estimate,r,16384x1024,16777216,9.987500e-05,9.568879e-03
1,8,estimate,r,16384x1024,16777216,1.830420e-04,5.187621e-03
1,1,estimate,c,1024x32x32,1048576,7.130971e-02,1.364921e-02
1,2,estimate,c,1024x32x32,1048576,7.441600e-05,6.806633e-03
1,4,estimate,c,1024x32x32,1048576,1.009170e-04,3.807226e-03
1,8,estimate,c,1024x32x32,1048576,1.579580e-04,1.890044e-03
1,1,estimate,c,1024x64x64,4194304,8.550000e-05,6.814065e-02
1,2,estimate,c,1024x64x64,4194304,7.491600e-05,3.416514e-02
1,4,estimate,c,1024x64x64,4194304,9.916600e-05,1.862366e-02
1,8,estimate,c,1024x64x64,4194304,2.082500e-04,9.848367e-03
1,1,estimate,c,4096x64x64,16777216,7.129100e-05,3.313084e-01
1,2,estimate,c,4096x64x64,16777216,8.158400e-05,1.671277e-01
1,4,estimate,c,4096x64x64,16777216,1.020000e-04,8.959602e-02
1,8,estimate,c,4096x64x64,16777216,1.579580e-04,4.751400e-02
1,1,patient,r,1024,1024,1.543342e-02,1.151404e-06
1,2,patient,r,1024,1024,5.600333e-02,4.750904e-06
1,4,patient,r,1024,1024,9.994450e-02,7.920592e-06
1,8,patient,r,1024,1024,1.578802e-01,7.937813e-06
1,1,patient,c,1024,1024,2.416646e-02,1.985158e-06
1,2,patient,c,1024,1024,9.392479e-02,9.127392e-06
1,4,patient,c,1024,1024,1.727577e-01,1.618404e-05
1,8,patient,c,1024,1024,2.822517e-01,5.969860e-05
1,1,patient,r,2048,2048,2.491525e-02,2.541092e-06
1,2,patient,r,2048,2048,9.599338e-02,6.374421e-06
1,4,patient,r,2048,2048,1.764015e-01,1.075607e-05
1,8,patient,r,2048,2048,2.788076e-01,3.279284e-05
1,1,patient,c,2048,2048,3.919863e-02,4.895850e-06
1,2,patient,c,2048,2048,1.517869e-01,1.295877e-05
1,4,patient,c,2048,2048,2.846900e-01,1.996309e-05
1,8,patient,c,2048,2048,4.612661e-01,6.092064e-05
1,1,patient,r,4096,4096,3.958604e-02,5.611779e-06
1,2,patient,r,4096,4096,1.545047e-01,9.756256e-06
1,4,patient,r,4096,4096,2.911010e-01,1.382304e-05
1,8,patient,r,4096,4096,4.665258e-01,3.636012e-05
1,1,patient,c,4096,4096,5.936354e-02,1.206120e-05
1,2,patient,c,4096,4096,2.338082e-01,2.008835e-05
1,4,patient,c,4096,4096,4.451930e-01,2.415341e-05
1,8,patient,c,4096,4096,7.255377e-01,6.718731e-05
1,1,patient,r,8192,8192,5.984596e-02,1.277376e-05
1,2,patient,r,8192,8192,2.352561e-01,3.253949e-05
1,4,patient,r,8192,8192,4.504950e-01,2.246960e-05
1,8,patient,r,8192,8192,7.357997e-01,6.742648e-05
1,1,patient,c,8192,8192,8.743654e-02,2.909630e-05
1,2,patient,c,8192,8192,3.457630e-01,3.736493e-05
1,4,patient,c,8192,8192,6.683007e-01,3.893882e-05
1,8,patient,c,8192,8192,1.098263e+00,7.988629e-05
1,1,patient,r,16384,16384,8.598488e-02,2.866000e-05
1,2,patient,r,16384,16384,3.522650e-01,7.289836e-05
1,4,patient,r,16384,16384,6.864514e-01,1.100750e-04
1,8,patient,r,16384,16384,1.115756e+00,5.402439e-05
1,1,patient,c,16384,16384,1.210045e-01,1.198814e-04
1,2,patient,c,16384,16384,4.936307e-01,1.655573e-04
1,4,patient,c,16384,16384,9.512040e-01,1.936274e-04
1,8,patient,c,16384,16384,1.941339e+00,5.799754e-04
1,1,patient,r,32768,32768,1.231349e-01,6.850440e-05
1,2,patient,r,32768,32768,5.106438e-01,1.076931e-04
1,4,patient,r,32768,32768,9.860101e-01,1.263966e-04
1,8,patient,r,32768,32768,1.641071e+00,6.670943e-05
1,1,patient,c,32768,32768,1.697521e-01,2.794513e-04
1,2,patient,c,32768,32768,7.094186e-01,3.757029e-04
1,4,patient,c,32768,32768,1.362762e+00,3.742520e-04
1,8,patient,c,32768,32768,2.262866e+00,1.079591e-03
1,1,patient,r,65536,65536,1.693622e-01,1.535013e-04
1,2,patient,r,65536,65536,6.918170e-01,1.852058e-04
1,4,patient,r,65536,65536,1.368767e+00,1.894711e-04
1,8,patient,r,65536,65536,2.320284e+00,9.874812e-05
1,1,patient,c,65536,65536,2.607552e-01,5.931317e-04
1,2,patient,c,65536,65536,1.084461e+00,5.367893e-04
1,4,patient,c,65536,65536,2.170302e+00,5.150284e-04
1,8,patient,c,65536,65536,3.649212e+00,1.146406e-03
1,1,patient,r,131072,131072,2.663232e-01,3.569605e-04
1,2,patient,r,131072,131072,1.111092e+00,3.440094e-04
1,4,patient,r,131072,131072,2.176591e+00,3.221247e-04
1,8,patient,r,131072,131072,3.655343e+00,1.724637e-04
1,1,patient,c,131072,131072,3.446527e-01,1.265204e-03
1,2,patient,c,131072,131072,1.432320e+00,9.305347e-04
1,4,patient,c,131072,131072,2.839266e+00,8.774190e-04
1,8,patient,c,131072,131072,4.733571e+00,1.342766e-03
1,1,patient,r,262144,262144,3.373345e-01,1.007315e-03
1,2,patient,r,262144,262144,1.408969e+00,9.692298e-04
1,4,patient,r,262144,262144,2.789206e+00,9.509479e-04
1,8,patient,r,262144,262144,4.783732e+00,1.209950e-03
1,1,patient,c,262144,262144,4.665987e-01,2.731089e-03
1,2,patient,c,262144,262144,1.927962e+00,1.999545e-03
1,4,patient,c,262144,262144,3.821178e+00,1.732667e-03
1,8,patient,c,262144,262144,6.515315e+00,2.665131e-03
1,1,patient,r,4096x2,8192,4.512375e-02,1.196644e-05
1,2,patient,r,4096x2,8192,1.778003e-01,1.654996e-05
1,4,patient,r,4096x2,8192,3.414916e-01,2.188260e-05
1,8,patient,r,4096x2,8192,5.641905e-01,4.533720e-05
1,1,patient,r,4096x8,32768,4.473196e-02,5.136549e-05
1,2,patient,r,4096x8,32768,1.836883e-01,1.203427e-04
1,4,patient,r,4096x8,32768,3.454168e-01,1.818014e-04
1,8,patient,r,4096x8,32768,5.571759e-01,4.420281e-05
1,1,patient,r,4096x32,131072,4.386313e-02,2.030233e-04
1,2,patient,r,4096x32,131072,1.827787e-01,2.735224e-04
1,4,patient,r,4096x32,131072,3.431839e-01,3.115390e-04
1,8,patient,r,4096x32,131072,5.660343e-01,6.414864e-04
1,1,patient,r,4096x256,1048576,4.644483e-02,2.343549e-03
1,2,patient,r,4096x256,1048576,1.810899e-01,1.905339e-03
1,4,patient,r,4096x256,1048576,3.453896e-01,1.679474e-03
1,8,patient,r,4096x256,1048576,5.555117e-01,1.866577e-03
1,1,patient,r,16384x2,32768,9.375983e-02,5.780862e-05
1,2,patient,r,16384x2,32768,3.854829e-01,9.249308e-05
1,4,patient,r,16384x2,32768,7.551141e-01,1.887420e-04
1,8,patient,r,16384x2,32768,1.277704e+00,5.116987e-04
1,1,patient,r,16384x8,131072,9.796579e-02,2.498081e-04
1,2,patient,r,16384x8,131072,3.885490e-01,7.531963e-04
1,4,patient,r,16384x8,131072,7.574007e-01,1.354092e-03
1,8,patient,r,16384x8,131072,1.243327e+00,4.114051e-04
1,1,patient,r,16384x32,524288,9.386300e-02,1.106498e-03
1,2,patient,r,16384x32,524288,3.884382e-01,1.575702e-03
1,4,patient,r,16384x32,524288,7.566171e-01,2.745680e-03
1,8,patient,r,16384x32,524288,1.262929e+00,1.676842e-03
1,1,patient,c,1024x32x32,1048576,3.551300e-02,2.014393e-02
1,2,patient,c,1024x32x32,1048576,1.469300e-01,2.028680e-02
1,4,patient,c,1024x32x32,1048576,2.555688e-01,1.930190e-02
1,8,patient,c,1024x32x32,1048576,4.023522e-01,3.743686e-02
2,1,estimate,r,1024,1024,7.628166e-03,1.152779e-06
2,2,estimate,r,1024,1024,6.548750e-04,1.530206e-05
2,4,estimate,r,1024,1024,8.752080e-04,1.200217e-06
2,8,estimate,r,1024,1024,1.086125e-03,1.188900e-06
2,1,estimate,c,1024,1024,7.123208e-03,2.123708e-06
2,2,estimate,c,1024,1024,4.079200e-05,3.142934e-05
2,4,estimate,c,1024,1024,4.566600e-05,3.506912e-05
2,8,estimate,c,1024,1024,5.450000e-05,3.426690e-05
2,1,estimate,r,2048,2048,5.921670e-04,2.611567e-06
2,2,estimate,r,2048,2048,7.513330e-04,1.835251e-05
2,4,estimate,r,2048,2048,9.610410e-04,1.898599e-05
2,8,estimate,r,2048,2048,1.290833e-03,2.603487e-06
2,1,estimate,c,2048,2048,4.129100e-05,5.049204e-06
2,2,estimate,c,2048,2048,3.658300e-05,3.284109e-05
2,4,estimate,c,2048,2048,4.020800e-05,3.461950e-05
2,8,estimate,c,2048,2048,5.537500e-05,3.677093e-05
2,1,estimate,r,4096,4096,6.810420e-04,5.768550e-06
2,2,estimate,r,4096,4096,8.897500e-04,2.015330e-05
2,4,estimate,r,4096,4096,1.141417e-03,2.133409e-05
2,8,estimate,r,4096,4096,1.511750e-03,2.171556e-05
2,1,estimate,c,4096,4096,2.770800e-05,1.145203e-05
2,2,estimate,c,4096,4096,3.516600e-05,3.335660e-05
2,4,estimate,c,4096,4096,4.754200e-05,3.461171e-05
2,8,estimate,c,4096,4096,5.358300e-05,3.796025e-05
2,1,estimate,r,8192,8192,7.750000e-04,1.356375e-05
2,2,estimate,r,8192,8192,1.002167e-03,2.389191e-05
2,4,estimate,r,8192,8192,1.319625e-03,2.433417e-05
2,8,estimate,r,8192,8192,1.790541e-03,2.383235e-05
2,1,estimate,c,8192,8192,5.050000e-05,2.738855e-05
2,2,estimate,c,8192,8192,5.320800e-05,3.177875e-05
2,4,estimate,c,8192,8192,8.091700e-05,3.392594e-05
2,8,estimate,c,8192,8192,9.954100e-05,3.606925e-05
2,1,estimate,r,16384,16384,8.820420e-04,2.906891e-05
2,2,estimate,r,16384,16384,1.083334e-03,3.014191e-05
2,4,estimate,r,16384,16384,1.458000e-03,3.110383e-05
2,8,estimate,r,16384,16384,2.082834e-03,3.408774e-05
2,1,estimate,c,16384,16384,5.995900e-05,1.117941e-04
2,2,estimate,c,16384,16384,5.416600e-05,8.636361e-05
2,4,estimate,c,16384,16384,7.329200e-05,8.261836e-05
2,8,estimate,c,16384,16384,1.116250e-04,8.585664e-05
2,1,estimate,r,32768,32768,9.920830e-04,7.175571e-05
2,2,estimate,r,32768,32768,1.186417e-03,6.317043e-05
2,4,estimate,r,32768,32768,1.635583e-03,5.994890e-05
2,8,estimate,r,32768,32768,2.225917e-03,6.279668e-05
2,1,estimate,c,32768,32768,7.158400e-05,2.879693e-04
2,2,estimate,c,32768,32768,6.595800e-05,1.762573e-04
2,4,estimate,c,32768,32768,6.966700e-05,1.810568e-04
2,8,estimate,c,32768,32768,1.059580e-04,1.867939e-04
2,1,estimate,r,65536,65536,1.234167e-03,1.520143e-04
2,2,estimate,r,65536,65536,1.257000e-03,1.199689e-04
2,4,estimate,r,65536,65536,1.686042e-03,1.141300e-04
2,8,estimate,r,65536,65536,2.408708e-03,1.218861e-04
2,1,estimate,c,65536,65536,1.024580e-04,5.829194e-04
2,2,estimate,c,65536,65536,5.141700e-05,3.479212e-04
2,4,estimate,c,65536,65536,6.933400e-05,3.589432e-04
2,8,estimate,c,65536,65536,9.700000e-05,3.522900e-04
2,1,estimate,r,131072,131072,1.561417e-03,4.608610e-04
2,2,estimate,r,131072,131072,1.430208e-03,3.909782e-04
2,4,estimate,r,131072,131072,1.873542e-03,3.984530e-04
2,8,estimate,r,131072,131072,2.776500e-03,3.953326e-04
2,1,estimate,c,131072,131072,1.652910e-04,1.204116e-03
2,2,estimate,c,131072,131072,5.670800e-05,6.744001e-04
2,4,estimate,c,131072,131072,7.279100e-05,6.812670e-04
2,8,estimate,c,131072,131072,1.130830e-04,6.806383e-04
2,1,estimate,r,262144,262144,2.124042e-03,1.138147e-03
2,2,estimate,r,262144,262144,1.535917e-03,7.140489e-04
2,4,estimate,r,262144,262144,2.110250e-03,7.297610e-04
2,8,estimate,r,262144,262144,3.057667e-03,7.288203e-04
2,1,estimate,c,262144,262144,3.120830e-04,2.721988e-03
2,2,estimate,c,262144,262144,6.312500e-05,1.399494e-03
2,4,estimate,c,262144,262144,1.030000e-04,1.367276e-03
2,8,estimate,c,262144,262144,1.507500e-04,1.419213e-03
2,1,estimate,r,4096x2,8192,8.934417e-03,1.150120e-05
2,2,estimate,r,4096x2,8192,4.875000e-05,1.280056e-05
2,4,estimate,r,4096x2,8192,9.252920e-04,1.633799e-05
2,8,estimate,r,4096x2,8192,1.202459e-03,1.798788e-05
2,1,estimate,r,4096x8,32768,6.636660e-04,4.759226e-05
2,2,estimate,r,4096x8,32768,5.529200e-05,4.183223e-05
2,4,estimate,r,4096x8,32768,9.850000e-05,3.021358e-05
2,8,estimate,r,4096x8,32768,1.319170e-04,3.927943e-05
2,1,estimate,r,4096x32,131072,6.865840e-04,1.870667e-04
2,2,estimate,r,4096x32,131072,5.658300e-05,1.144726e-04
2,4,estimate,r,4096x32,131072,9.100000e-05,1.222466e-04
2,8,estimate,r,4096x32,131072,1.555420e-04,1.119437e-04
2,1,estimate,r,4096x256,1048576,6.494160e-04,1.613665e-03
2,2,estimate,r,4096x256,1048576,7.287500e-05,8.195479e-04
2,4,estimate,r,4096x256,1048576,8.291700e-05,8.519922e-04
2,8,estimate,r,4096x256,1048576,1.501670e-04,8.490039e-04
2,1,estimate,r,4096x1024,4194304,6.760840e-04,6.885556e-03
2,2,estimate,r,4096x1024,4194304,5.258300e-05,3.533093e-03
2,4,estimate,r,4096x1024,4194304,8.175000e-05,3.649645e-03
2,8,estimate,r,4096x1024,4194304,1.409580e-04,3.641830e-03
2,1,estimate,r,16384x2,32768,8.727080e-04,5.947266e-05
2,2,estimate,r,16384x2,32768,6.466700e-05,4.412125e-05
2,4,estimate,r,16384x2,32768,1.064209e-03,5.405595e-05
2,8,estimate,r,16384x2,32768,1.513375e-03,5.813636e-05
2,1,estimate,r,16384x8,131072,8.107080e-04,2.344164e-04
2,2,estimate,r,16384x8,131072,6.433300e-05,1.323957e-04
2,4,estimate,r,16384x8,131072,1.060840e-04,1.419881e-04
2,8,estimate,r,16384x8,131072,1.758750e-04,1.361043e-04
2,1,estimate,r,16384x32,524288,8.295420e-04,9.933544e-04
2,2,estimate,r,16384x32,524288,6.504100e-05,5.181406e-04
2,4,estimate,r,16384x32,524288,9.720800e-05,5.014684e-04
2,8,estimate,r,16384x32,524288,1.782920e-04,5.111693e-04
2,1,estimate,r,16384x256,4194304,8.115000e-04,8.723288e-03
2,2,estimate,r,16384x256,4194304,6.725000e-05,4.444061e-03
2,4,estimate,r,16384x256,4194304,1.010840e-04,4.593706e-03
2,8,estimate,r,16384x256,4194304,1.793340e-04,4.558322e-03
2,1,estimate,r,16384x1024,16777216,9.739170e-04,3.528092e-02
2,2,estimate,r,16384x1024,16777216,6.762500e-05,1.838356e-02
2,4,estimate,r,16384x1024,16777216,9.716700e-05,1.829798e-02
2,8,estimate,r,16384x1024,16777216,1.662920e-04,1.778942e-02
2,1,estimate,c,1024x32x32,1048576,8.156175e-02,1.371231e-02
2,2,estimate,c,1024x32x32,1048576,7.070900e-05,6.876908e-03
2,4,estimate,c,1024x32x32,1048576,1.078330e-04,7.019108e-03
2,8,estimate,c,1024x32x32,1048576,1.728330e-04,6.926817e-03
2,1,estimate,c,1024x64x64,4194304,7.066700e-05,7.035375e-02
2,2,estimate,c,1024x64x64,4194304,9.341700e-05,3.584278e-02
2,4,estimate,c,1024x64x64,4194304,1.029160e-04,3.538586e-02
2,8,estimate,c,1024x64x64,4194304,1.558750e-04,3.534556e-02
2,1,estimate,c,4096x64x64,16777216,6.887500e-05,3.416529e-01
2,2,estimate,c,4096x64x64,16777216,7.904100e-05,1.684765e-01
2,4,estimate,c,4096x64x64,16777216,1.068750e-04,1.724827e-01
2,8,estimate,c,4096x64x64,16777216,1.677080e-04,1.719803e-01
2,1,patient,r,1024,1024,1.611138e-02,1.152083e-06
2,2,patient,r,1024,1024,5.789562e-02,1.612952e-05
2,4,patient,r,1024,1024,1.019880e-01,1.720096e-05
2,8,patient,r,1024,1024,1.567092e-01,1.640509e-05
2,1,patient,c,1024,1024,2.418587e-02,2.008700e-06
2,2,patient,c,1024,1024,9.489571e-02,2.680197e-05
2,4,patient,c,1024,1024,1.767625e-01,3.655747e-05
2,8,patient,c,1024,1024,2.958291e-01,3.496807e-05
2,1,patient,r,2048,2048,2.564533e-02,2.634433e-06
2,2,patient,r,2048,2048,9.767733e-02,1.622283e-05
2,4,patient,r,2048,2048,1.905949e-01,1.660309e-05
2,8,patient,r,2048,2048,2.818653e-01,1.968641e-05
2,1,patient,c,2048,2048,4.316996e-02,4.896942e-06
2,2,patient,c,2048,2048,1.585236e-01,3.550155e-05
2,4,patient,c,2048,2048,3.138164e-01,3.849142e-05
2,8,patient,c,2048,2048,5.789280e-01,4.706545e-05
2,1,patient,r,4096,4096,4.120233e-02,5.844592e-06
2,2,patient,r,4096,4096,1.742620e-01,2.270940e-05
2,4,patient,r,4096,4096,3.054497e-01,2.441030e-05
2,8,patient,r,4096,4096,5.681873e-01,2.969593e-05
2,1,patient,c,4096,4096,6.497321e-02,1.267354e-05
2,2,patient,c,4096,4096,2.522520e-01,3.542632e-05
2,4,patient,c,4096,4096,7.436315e-01,3.938047e-05
2,8,patient,c,4096,4096,9.112776e-01,3.517857e-05
2,1,patient,r,8192,8192,6.125558e-02,1.310625e-05
2,2,patient,r,8192,8192,2.428097e-01,7.533809e-05
2,4,patient,r,8192,8192,4.853723e-01,2.286314e-05
2,8,patient,r,8192,8192,7.702000e-01,3.522212e-05
2,1,patient,c,8192,8192,8.903375e-02,2.969716e-05
2,2,patient,c,8192,8192,3.549764e-01,3.516983e-05
2,4,patient,c,8192,8192,7.043796e-01,4.316729e-05
2,8,patient,c,8192,8192,1.148413e+00,4.603631e-05
2,1,patient,r,16384,16384,9.027254e-02,2.977208e-05
2,2,patient,r,16384,16384,3.663172e-01,1.620726e-04
2,4,patient,r,16384,16384,7.027504e-01,1.763499e-04
2,8,patient,r,16384,16384,1.155368e+00,3.079290e-05
2,1,patient,c,16384,16384,1.266425e-01,1.242204e-04
2,2,patient,c,16384,16384,4.933365e-01,2.958978e-04
2,4,patient,c,16384,16384,9.553401e-01,2.834376e-04
2,8,patient,c,16384,16384,1.598534e+00,2.949633e-04
2,1,patient,r,32768,32768,1.223347e-01,6.841698e-05
2,2,patient,r,32768,32768,5.043890e-01,1.982802e-04
2,4,patient,r,32768,32768,1.007877e+00,1.998754e-04
2,8,patient,r,32768,32768,1.633037e+00,6.253217e-05
2,1,patient,c,32768,32768,1.658005e-01,2.787045e-04
2,2,patient,c,32768,32768,6.866205e-01,5.784890e-04
2,4,patient,c,32768,32768,1.353642e+00,5.727252e-04
2,8,patient,c,32768,32768,2.261635e+00,7.212691e-04
2,1,patient,r,65536,65536,1.724233e-01,1.564678e-04
2,2,patient,r,65536,65536,7.101677e-01,2.148811e-04
2,4,patient,r,65536,65536,1.358889e+00,1.902680e-04
2,8,patient,r,65536,65536,2.275768e+00,1.247469e-04
2,1,patient,c,65536,65536,2.600539e-01,5.972934e-04
2,2,patient,c,65536,65536,1.077398e+00,7.034577e-04
2,4,patient,c,65536,65536,2.112329e+00,7.556733e-04
2,8,patient,c,65536,65536,3.544455e+00,8.009051e-04
2,1,patient,r,131072,131072,2.623998e-01,3.505092e-04
2,2,patient,r,131072,131072,1.113468e+00,3.180185e-04
2,4,patient,r,131072,131072,2.113020e+00,2.720191e-04
2,8,patient,r,131072,131072,3.557271e+00,2.596829e-04
2,1,patient,c,131072,131072,3.363054e-01,1.240942e-03
2,2,patient,c,131072,131072,1.408189e+00,1.089042e-03
2,4,patient,c,131072,131072,2.775908e+00,9.961168e-04
2,8,patient,c,131072,131072,4.666242e+00,1.027878e-03
2,1,patient,r,262144,262144,3.401422e-01,1.004289e-03
2,2,patient,r,262144,262144,1.397822e+00,9.080112e-04
2,4,patient,r,262144,262144,2.781239e+00,9.201027e-04
2,8,patient,r,262144,262144,4.705265e+00,9.192088e-04
2,1,patient,c,262144,262144,4.533983e-01,2.753615e-03
2,2,patient,c,262144,262144,1.885248e+00,2.174545e-03
2,4,patient,c,262144,262144,3.765324e+00,2.119999e-03
2,8,patient,c,262144,262144,6.378208e+00,2.170089e-03
2,1,patient,r,4096x2,8192,4.459479e-02,1.186909e-05
2,2,patient,r,4096x2,8192,1.715639e-01,1.395766e-05
2,4,patient,r,4096x2,8192,3.437870e-01,1.350122e-05
2,8,patient,r,4096x2,8192,5.607876e-01,2.276366e-05
2,1,patient,r,4096x8,32768,4.387379e-02,5.128029e-05
2,2,patient,r,4096x8,32768,1.767294e-01,2.490355e-04
2,4,patient,r,4096x8,32768,3.383042e-01,2.554376e-04
2,8,patient,r,4096x8,32768,5.492812e-01,3.511013e-05
2,1,patient,r,4096x32,131072,4.601988e-02,2.060810e-04
2,2,patient,r,4096x32,131072,1.810387e-01,3.458884e-04
2,4,patient,r,4096x32,131072,3.426784e-01,3.529215e-04
2,8,patient,r,4096x32,131072,5.505055e-01,3.559281e-04
2,1,patient,r,4096x256,1048576,4.522421e-02,2.248924e-03
2,2,patient,r,4096x256,1048576,1.770789e-01,2.143609e-03
2,4,patient,r,4096x256,1048576,3.437114e-01,2.002029e-03
2,8,patient,r,4096x256,1048576,5.496385e-01,2.063893e-03
2,1,patient,r,16384x2,32768,9.342704e-02,5.816377e-05
2,2,patient,r,16384x2,32768,3.810445e-01,1.322451e-04
2,4,patient,r,16384x2,32768,7.512583e-01,1.417789e-04
2,8,patient,r,16384x2,32768,1.265643e+00,1.523004e-04
2,1,patient,r,16384x8,131072,9.358817e-02,2.487773e-04
2,2,patient,r,16384x8,131072,3.882199e-01,1.973867e-03
2,4,patient,r,16384x8,131072,7.594634e-01,2.073366e-03
2,8,patient,r,16384x8,131072,1.247844e+00,2.383325e-04
2,1,patient,r,16384x32,524288,9.401408e-02,1.064272e-03
2,2,patient,r,16384x32,524288,3.962304e-01,2.430521e-03
2,4,patient,r,16384x32,524288,7.618442e-01,2.392226e-03
2,8,patient,r,16384x32,524288,1.257628e+00,1.090611e-03
2,1,patient,c,1024x32x32,1048576,4.186162e-02,2.110135e-02
2,2,patient,c,1024x32x32,1048576,1.475003e-01,2.107165e-02
2,4,patient,c,1024x32x32,1048576,2.911842e-01,2.391375e-02
2,8,patient,c,1024x32x32,1048576,4.092953e-01,2.492055e-02
4,1,estimate,r,1024,1024,6.520167e-03,1.151571e-06
4,2,estimate,r,1024,1024,6.907500e-04,1.590963e-05
4,4,estimate,r,1024,1024,8.357080e-04,1.156233e-06
4,8,estimate,r,1024,1024,1.071083e-03,1.158246e-06
4,16,estimate,r,1024,1024,1.345542e-03,1.163533e-06
4,1,estimate,c,1024,1024,6.715583e-03,2.083146e-06
4,2,estimate,c,1024,1024,3.854200e-05,2.855980e-05
4,4,estimate,c,1024,1024,3.904200e-05,3.054883e-05
4,8,estimate,c,1024,1024,5.008300e-05,3.575124e-05
4,16,estimate,c,1024,1024,8.150000e-05,3.874818e-05
4,1,estimate,r,2048,2048,5.710000e-04,2.539642e-06
4,2,estimate,r,2048,2048,7.111670e-04,1.544806e-05
4,4,estimate,r,2048,2048,9.761250e-04,1.707615e-05
4,8,estimate,r,2048,2048,1.231375e-03,2.544542e-06
4,16,estimate,r,2048,2048,1.634125e-03,2.567217e-06
4,1,estimate,c,2048,2048,2.741600e-05,4.930742e-06
4,2,estimate,c,2048,2048,4.029100e-05,2.845405e-05
4,4,estimate,c,2048,2048,3.995900e-05,3.204529e-05
4,8,estimate,c,2048,2048,5.108400e-05,3.804596e-05
4,16,estimate,c,2048,2048,6.970800e-05,4.349363e-05
4,1,estimate,r,4096,4096,6.711250e-04,5.636025e-06
4,2,estimate,r,4096,4096,9.599580e-04,1.955479e-05
4,4,estimate,r,4096,4096,1.121250e-03,2.150909e-05
4,8,estimate,r,4096,4096,1.578417e-03,2.213135e-05
4,16,estimate,r,4096,4096,2.046209e-03,5.638650e-06
4,1,estimate,c,4096,4096,2.837500e-05,1.121217e-05
4,2,estimate,c,4096,4096,4.762500e-05,2.930878e-05
4,4,estimate,c,4096,4096,4.370800e-05,3.540989e-05
4,8,estimate,c,4096,4096,5.704100e-05,3.888598e-05
4,16,estimate,c,4096,4096,8.000000e-05,4.416394e-05
4,1,estimate,r,8192,8192,7.569170e-04,1.332772e-05
4,2,estimate,r,8192,8192,9.657920e-04,2.197692e-05
4,4,estimate,r,8192,8192,1.304333e-03,2.387212e-05
4,8,estimate,r,8192,8192,1.750291e-03,2.648546e-05
4,16,estimate,r,8192,8192,2.498667e-03,4.801651e-05
4,1,estimate,c,8192,8192,4.983300e-05,2.667049e-05
4,2,estimate,c,8192,8192,5.604200e-05,3.092095e-05
4,4,estimate,c,8192,8192,7.087500e-05,3.594077e-05
4,8,estimate,c,8192,8192,9.950000e-05,4.074418e-05
4,16,estimate,c,8192,8192,1.627920e-04,4.786107e-05
4,1,estimate,r,16384,16384,8.884580e-04,2.872331e-05
4,2,estimate,r,16384,16384,1.062208e-03,2.660444e-05
4,4,estimate,r,16384,16384,1.403333e-03,3.046662e-05
4,8,estimate,r,16384,16384,1.946292e-03,3.274961e-05
4,16,estimate,r,16384,16384,2.788292e-03,3.814978e-05
4,1,estimate,c,16384,16384,6.800000e-05,1.103848e-04
4,2,estimate,c,16384,16384,5.425000e-05,8.481724e-05
4,4,estimate,c,16384,16384,6.254100e-05,5.415154e-05
4,8,estimate,c,16384,16384,1.046250e-04,5.107815e-05
4,16,estimate,c,16384,16384,1.705830e-04,5.574645e-05
4,1,estimate,r,32768,32768,1.024334e-03,6.871457e-05
4,2,estimate,r,32768,32768,1.169500e-03,6.553278e-05
4,4,estimate,r,32768,32768,1.574083e-03,4.743519e-05
4,8,estimate,r,32768,32768,2.199709e-03,5.214363e-05
4,16,estimate,r,32768,32768,3.353334e-03,8.113547e-05
4,1,estimate,c,32768,32768,6.900000e-05,2.817314e-04
4,2,estimate,c,32768,32768,5.350000e-05,1.780530e-04
4,4,estimate,c,32768,32768,7.929200e-05,1.189741e-04
4,8,estimate,c,32768,32768,1.044580e-04,1.042618e-04
4,16,estimate,c,32768,32768,1.713750e-04,1.121515e-04
4,1,estimate,r,65536,65536,1.206708e-03,1.513624e-04
4,2,estimate,r,65536,65536,1.304916e-03,1.253273e-04
4,4,estimate,r,65536,65536,1.731875e-03,1.007969e-04
4,8,estimate,r,65536,65536,2.453417e-03,9.028228e-05
4,16,estimate,r,65536,65536,3.777875e-03,1.178624e-04
4,1,estimate,c,65536,65536,1.157080e-04,5.876940e-04
4,2,estimate,c,65536,65536,5.841700e-05,3.636820e-04
4,4,estimate,c,65536,65536,7.287500e-05,1.937195e-04
4,8,estimate,c,65536,65536,1.050420e-04,2.010617e-04
4,16,estimate,c,65536,65536,1.729170e-04,2.094803e-04
4,1,estimate,r,131072,131072,1.521167e-03,4.551717e-04
4,2,estimate,r,131072,131072,1.463250e-03,3.949040e-04
4,4,estimate,r,131072,131072,1.985750e-03,3.540144e-04
4,8,estimate,r,131072,131072,2.703625e-03,3.559305e-04
4,16,estimate,r,131072,131072,4.122667e-03,3.507042e-04
4,1,estimate,c,131072,131072,1.656250e-04,1.213628e-03
4,2,estimate,c,131072,131072,5.733300e-05,6.813793e-04
4,4,estimate,c,131072,131072,7.350000e-05,3.672926e-04
4,8,estimate,c,131072,131072,1.091250e-04,3.739966e-04
4,16,estimate,c,131072,131072,1.781660e-04,3.858551e-04
4,1,estimate,r,262144,262144,2.324000e-03,1.071547e-03
4,2,estimate,r,262144,262144,1.585292e-03,6.832540e-04
4,4,estimate,r,262144,262144,2.021083e-03,4.644349e-04
4,8,estimate,r,262144,262144,2.959458e-03,4.712083e-04
4,16,estimate,r,262144,262144,4.765333e-03,4.909017e-04
4,1,estimate,c,262144,262144,3.079580e-04,2.649417e-03
4,2,estimate,c,262144,262144,6.658300e-05,1.376101e-03
4,4,estimate,c,262144,262144,9.120800e-05,7.084254e-04
4,8,estimate,c,262144,262144,1.446250e-04,7.206859e-04
4,16,estimate,c,262144,262144,2.498750e-04,7.482050e-04
4,1,estimate,r,4096x2,8192,8.828875e-03,1.158319e-05
4,2,estimate,r,4096x2,8192,4.808400e-05,1.356917e-05
4,4,estimate,r,4096x2,8192,8.890830e-04,1.585912e-05
4,8,estimate,r,4096x2,8192,1.156042e-03,1.857796e-05
4,16,estimate,r,4096x2,8192,1.490458e-03,2.683697e-05
4,1,estimate,r,4096x8,32768,6.513330e-04,4.659272e-05
4,2,estimate,r,4096x8,32768,5.500000e-05,3.799360e-05
4,4,estimate,r,4096x8,32768,9.087500e-05,2.079093e-05
4,8,estimate,r,4096x8,32768,1.276250e-04,2.192601e-05
4,16,estimate,r,4096x8,32768,1.045167e-03,3.844294e-05
4,1,estimate,r,4096x32,131072,6.484170e-04,1.867641e-04
4,2,estimate,r,4096x32,131072,6.395800e-05,1.098717e-04
4,4,estimate,r,4096x32,131072,9.204200e-05,6.084949e-05
4,8,estimate,r,4096x32,131072,1.587920e-04,6.360018e-05
4,16,estimate,r,4096x32,131072,2.527920e-04,7.015435e-05
4,1,estimate,r,4096x256,1048576,6.498340e-04,1.590982e-03
4,2,estimate,r,4096x256,1048576,5.437500e-05,8.582351e-04
4,4,estimate,r,4096x256,1048576,9.075000e-05,4.325985e-04
4,8,estimate,r,4096x256,1048576,1.520420e-04,4.325275e-04
4,16,estimate,r,4096x256,1048576,2.689580e-04,4.399688e-04
4,1,estimate,r,4096x1024,4194304,6.736250e-04,6.911325e-03
4,2,estimate,r,4096x1024,4194304,6.112500e-05,3.471295e-03
4,4,estimate,r,4096x1024,4194304,8.579200e-05,1.920245e-03
4,8,estimate,r,4096x1024,4194304,1.368340e-04,1.904630e-03
4,16,estimate,r,4096x1024,4194304,2.538750e-04,1.864410e-03
4,1,estimate,r,16384x2,32768,8.615840e-04,5.749137e-05
4,2,estimate,r,16384x2,32768,9.704100e-05,5.365266e-05
4,4,estimate,r,16384x2,32768,1.133375e-03,5.692938e-05
4,8,estimate,r,16384x2,32768,1.442708e-03,6.410582e-05
4,16,estimate,r,16384x2,32768,2.057541e-03,5.510305e-05
4,1,estimate,r,16384x8,131072,8.103330e-04,2.291997e-04
4,2,estimate,r,16384x8,131072,6.862500e-05,1.368855e-04
4,4,estimate,r,16384x8,131072,1.022500e-04,8.313213e-05
4,8,estimate,r,16384x8,131072,1.607910e-04,7.756658e-05
4,16,estimate,r,16384x8,131072,1.238334e-03,9.737720e-05
4,1,estimate,r,16384x32,524288,8.424580e-04,9.760613e-04
4,2,estimate,r,16384x32,524288,6.729200e-05,5.023059e-04
4,4,estimate,r,16384x32,524288,1.008330e-04,2.641713e-04
4,8,estimate,r,16384x32,524288,1.897500e-04,2.653469e-04
4,16,estimate,r,16384x32,524288,3.315000e-04,2.788044e-04
4,1,estimate,r,16384x256,4194304,8.112500e-04,9.258898e-03
4,2,estimate,r,16384x256,4194304,7.175000e-05,4.585623e-03
4,4,estimate,r,16384x256,4194304,9.545800e-05,2.453384e-03
4,8,estimate,r,16384x256,4194304,1.676250e-04,2.437395e-03
4,16,estimate,r,16384x256,4194304,3.084580e-04,2.461160e-03
4,1,estimate,r,16384x1024,16777216,1.018417e-03,3.555761e-02
4,2,estimate,r,16384x1024,16777216,6.862500e-05,1.804459e-02
4,4,estimate,r,16384x1024,16777216,1.028750e-04,9.686004e-03
4,8,estimate,r,16384x1024,16777216,1.693330e-04,1.005297e-02
4,16,estimate,r,16384x1024,16777216,3.091670e-04,9.675568e-03
4,1,estimate,c,1024x32x32,1048576,8.170138e-02,1.387894e-02
4,2,estimate,c,1024x32x32,1048576,8.037500e-05,7.049156e-03
4,4,estimate,c,1024x32x32,1048576,1.147920e-04,3.533208e-03
4,8,estimate,c,1024x32x32,1048576,1.802080e-04,3.593377e-03
4,16,estimate,c,1024x32x32,1048576,2.662920e-04,3.589539e-03
4,1,estimate,c,1024x64x64,4194304,7.679200e-05,6.914756e-02
4,2,estimate,c,1024x64x64,4194304,7.612500e-05,3.567344e-02
4,4,estimate,c,1024x64x64,4194304,1.011250e-04,1.815099e-02
4,8,estimate,c,1024x64x64,4194304,1.587910e-04,1.842455e-02
4,16,estimate,c,1024x64x64,4194304,2.600420e-04,1.808353e-02
4,1,estimate,c,4096x64x64,16777216,7.108300e-05,3.361212e-01
4,2,estimate,c,4096x64x64,16777216,7.666700e-05,1.688039e-01
4,4,estimate,c,4096x64x64,16777216,9.950000e-05,8.664769e-02
4,8,estimate,c,4096x64x64,16777216,1.600420e-04,8.722817e-02
4,16,estimate,c,4096x64x64,16777216,2.570830e-04,8.588798e-02
4,1,patient,r,1024,1024,1.564750e-02,1.166904e-06
4,2,patient,r,1024,1024,5.659546e-02,1.453039e-05
4,4,patient,r,1024,1024,1.065028e-01,1.636579e-05
4,8,patient,r,1024,1024,1.555101e-01,1.643936e-05
4,16,patient,r,1024,1024,2.256402e-01,1.609770e-05
4,1,patient,c,1024,1024,2.444808e-02,2.009467e-06
4,2,patient,c,1024,1024,9.434829e-02,2.816271e-05
4,4,patient,c,1024,1024,1.882752e-01,3.419024e-05
4,8,patient,c,1024,1024,2.823314e-01,3.742199e-05
4,16,patient,c,1024,1024,4.217755e-01,3.962671e-05
4,1,patient,r,2048,2048,2.549704e-02,2.575692e-06
4,2,patient,r,2048,2048,9.700254e-02,1.645975e-05
4,4,patient,r,2048,2048,1.800110e-01,1.808943e-05
4,8,patient,r,2048,2048,2.853405e-01,2.091450e-05
4,16,patient,r,2048,2048,4.244376e-01,2.101656e-05
4,1,patient,c,2048,2048,3.942825e-02,4.912125e-06
4,2,patient,c,2048,2048,1.542754e-01,2.923083e-05
4,4,patient,c,2048,2048,2.936720e-01,3.325116e-05
4,8,patient,c,2048,2048,4.727690e-01,4.554822e-05
4,16,patient,c,2048,2048,7.209805e-01,4.683536e-05
4,1,patient,r,4096,4096,3.991492e-02,5.648433e-06
4,2,patient,r,4096,4096,1.583262e-01,1.853239e-05
4,4,patient,r,4096,4096,2.963863e-01,2.031886e-05
4,8,patient,r,4096,4096,4.766547e-01,2.409086e-05
4,16,patient,r,4096,4096,7.261665e-01,2.817827e-05
4,1,patient,c,4096,4096,5.966788e-02,1.215778e-05
4,2,patient,c,4096,4096,2.702792e-01,3.297225e-05
4,4,patient,c,4096,4096,4.605574e-01,3.274826e-05
4,8,patient,c,4096,4096,7.520335e-01,3.940927e-05
4,16,patient,c,4096,4096,1.162605e+00,5.174418e-05
4,1,patient,r,8192,8192,6.233225e-02,1.314390e-05
4,2,patient,r,8192,8192,2.403035e-01,8.494953e-05
4,4,patient,r,8192,8192,4.532888e-01,2.195051e-05
4,8,patient,r,8192,8192,7.422583e-01,3.655499e-05
4,16,patient,r,8192,8192,1.171263e+00,4.703205e-05
4,1,patient,c,8192,8192,8.735050e-02,2.949740e-05
4,2,patient,c,8192,8192,3.542570e-01,3.226070e-05
4,4,patient,c,8192,8192,6.795930e-01,3.474375e-05
4,8,patient,c,8192,8192,1.109786e+00,3.932668e-05
4,16,patient,c,8192,8192,1.749088e+00,5.012521e-05
4,1,patient,r,16384,16384,8.745925e-02,2.882514e-05
4,2,patient,r,16384,16384,3.539451e-01,1.476999e-04
4,4,patient,r,16384,16384,6.804102e-01,1.648722e-04
4,8,patient,r,16384,16384,1.122383e+00,2.851889e-05
4,16,patient,r,16384,16384,1.753602e+00,6.633729e-05
4,1,patient,c,16384,16384,1.241112e-01,1.225498e-04
4,2,patient,c,16384,16384,4.979857e-01,3.409418e-04
4,4,patient,c,16384,16384,9.696137e-01,3.044187e-04
4,8,patient,c,16384,16384,1.607680e+00,3.663535e-04
4,16,patient,c,16384,16384,2.581386e+00,6.262520e-05
4,1,patient,r,32768,32768,1.224125e-01,6.913235e-05
4,2,patient,r,32768,32768,5.041176e-01,1.600352e-04
4,4,patient,r,32768,32768,9.700813e-01,1.773434e-04
4,8,patient,r,32768,32768,1.615683e+00,5.191057e-05
4,16,patient,r,32768,32768,2.569635e+00,8.169885e-05
4,1,patient,c,32768,32768,1.679173e-01,2.800982e-04
4,2,patient,c,32768,32768,6.941861e-01,6.794291e-04
4,4,patient,c,32768,32768,1.354552e+00,6.654044e-04
4,8,patient,c,32768,32768,2.253177e+00,7.476309e-04
4,16,patient,c,32768,32768,3.614535e+00,1.413914e-04
4,1,patient,r,65536,65536,1.688071e-01,1.563193e-04
4,2,patient,r,65536,65536,6.947325e-01,2.132068e-04
4,4,patient,r,65536,65536,1.354307e+00,2.098551e-04
4,8,patient,r,65536,65536,2.266374e+00,9.041853e-05
4,16,patient,r,65536,65536,3.628125e+00,1.188933e-04
4,1,patient,c,65536,65536,2.624280e-01,5.983908e-04
4,2,patient,c,65536,65536,1.082821e+00,8.106415e-04
4,4,patient,c,65536,65536,2.117879e+00,7.044623e-04
4,8,patient,c,65536,65536,3.511774e+00,7.871425e-04
4,16,patient,c,65536,65536,5.815771e+00,2.228035e-04
4,1,patient,r,131072,131072,2.664035e-01,3.581799e-04
4,2,patient,r,131072,131072,1.104186e+00,3.206317e-04
4,4,patient,r,131072,131072,2.098102e+00,2.574061e-04
4,8,patient,r,131072,131072,3.518174e+00,2.004485e-04
4,16,patient,r,131072,131072,5.659378e+00,2.058084e-04
4,1,patient,c,131072,131072,3.354266e-01,1.246458e-03
4,2,patient,c,131072,131072,1.402306e+00,1.009514e-03
4,4,patient,c,131072,131072,2.793136e+00,7.918630e-04
4,8,patient,c,131072,131072,4.624599e+00,8.592107e-04
4,16,patient,c,131072,131072,7.464535e+00,1.033068e-03
4,1,patient,r,262144,262144,3.352429e-01,9.888284e-04
4,2,patient,r,262144,262144,1.414465e+00,1.172848e-03
4,4,patient,r,262144,262144,2.758258e+00,8.404520e-04
4,8,patient,r,262144,262144,4.630318e+00,8.522075e-04
4,16,patient,r,262144,262144,7.490150e+00,6.969687e-04
4,1,patient,c,262144,262144,4.446666e-01,2.695281e-03
4,2,patient,c,262144,262144,1.871759e+00,2.126288e-03
4,4,patient,c,262144,262144,3.745182e+00,1.645196e-03
4,8,patient,c,262144,262144,6.312593e+00,1.794945e-03
4,16,patient,c,262144,262144,1.027213e+01,2.077907e-03
4,1,patient,r,4096x2,8192,4.327938e-02,1.177506e-05
4,2,patient,r,4096x2,8192,1.697224e-01,1.381408e-05
4,4,patient,r,4096x2,8192,3.312434e-01,1.416296e-05
4,8,patient,r,4096x2,8192,5.505810e-01,1.904038e-05
4,16,patient,r,4096x2,8192,8.605901e-01,2.493000e-05
4,1,patient,r,4096x8,32768,4.482346e-02,5.112860e-05
4,2,patient,r,4096x8,32768,1.755083e-01,2.435446e-04
4,4,patient,r,4096x8,32768,3.384042e-01,2.675596e-04
4,8,patient,r,4096x8,32768,5.358520e-01,2.611900e-05
4,16,patient,r,4096x8,32768,8.679741e-01,3.675784e-05
4,1,patient,r,4096x32,131072,4.406938e-02,2.033887e-04
4,2,patient,r,4096x32,131072,1.782066e-01,3.648944e-04
4,4,patient,r,4096x32,131072,3.414549e-01,3.617826e-04
4,8,patient,r,4096x32,131072,5.439492e-01,3.910787e-04
4,16,patient,r,4096x32,131072,8.345987e-01,1.831924e-04
4,1,patient,r,4096x256,1048576,4.701192e-02,2.166510e-03
4,2,patient,r,4096x256,1048576,1.754327e-01,1.951990e-03
4,4,patient,r,4096x256,1048576,3.374182e-01,1.442310e-03
4,8,patient,r,4096x256,1048576,5.417370e-01,1.607014e-03
4,16,patient,r,4096x256,1048576,8.500138e-01,1.463260e-03
4,1,patient,r,16384x2,32768,9.552729e-02,5.802095e-05
4,2,patient,r,16384x2,32768,3.787889e-01,1.313479e-04
4,4,patient,r,16384x2,32768,7.414120e-01,1.404991e-04
4,8,patient,r,16384x2,32768,1.241482e+00,2.109597e-04
4,16,patient,r,16384x2,32768,1.978042e+00,4.461231e-05
4,1,patient,r,16384x8,131072,9.400567e-02,2.455216e-04
4,2,patient,r,16384x8,131072,3.881830e-01,1.976184e-03
4,4,patient,r,16384x8,131072,7.538671e-01,2.168522e-03
4,8,patient,r,16384x8,131072,1.222873e+00,2.269153e-04
4,16,patient,r,16384x8,131072,2.035424e+00,3.651636e-04
4,1,patient,r,16384x32,524288,9.365812e-02,1.041770e-03
4,2,patient,r,16384x32,524288,3.858527e-01,2.487432e-03
4,4,patient,r,16384x32,524288,7.505012e-01,2.557545e-03
4,8,patient,r,16384x32,524288,1.234194e+00,9.368313e-04
4,16,patient,r,16384x32,524288,1.941190e+00,9.588851e-04
4,1,patient,c,1024x32x32,1048576,3.686842e-02,1.990338e-02
4,2,patient,c,1024x32x32,1048576,1.460947e-01,2.048484e-02
4,4,patient,c,1024x32x32,1048576,2.626599e-01,2.291864e-02
4,8,patient,c,1024x32x32,1048576,4.035648e-01,2.179143e-02
4,16,patient,c,1024x32x32,1048576,6.049663e-01,2.701854e-02
8,1,estimate,r,1024,1024,7.512833e-03,1.159204e-06
8,2,estimate,r,1024,1024,6.361670e-04,2.393281e-05
8,4,estimate,r,1024,1024,8.218340e-04,1.150071e-06
8,8,estimate,r,1024,1024,1.027125e-03,1.150829e-06
8,16,estimate,r,1024,1024,1.332459e-03,1.150150e-06
8,32,estimate,r,1024,1024,1.824958e-03,1.150179e-06
8,1,estimate,c,1024,1024,6.745583e-03,2.069058e-06
8,2,estimate,c,1024,1024,3.479200e-05,4.017967e-05
8,4,estimate,c,1024,1024,2.966700e-05,5.217621e-05
8,8,estimate,c,1024,1024,5.529200e-05,5.011359e-05
8,16,estimate,c,1024,1024,7.162500e-05,5.723545e-05
8,32,estimate,c,1024,1024,1.270000e-04,1.095533e-04
8,1,estimate,r,2048,2048,5.745000e-04,2.542304e-06
8,2,estimate,r,2048,2048,7.403750e-04,2.700495e-05
8,4,estimate,r,2048,2048,9.643330e-04,3.200233e-05
8,8,estimate,r,2048,2048,1.253542e-03,2.570158e-06
8,16,estimate,r,2048,2048,1.657208e-03,2.558075e-06
8,32,estimate,r,2048,2048,2.263042e-03,2.539754e-06
8,1,estimate,c,2048,2048,1.462500e-05,4.890254e-06
8,2,estimate,c,2048,2048,3.087500e-05,4.393509e-05
8,4,estimate,c,2048,2048,4.583400e-05,5.043314e-05
8,8,estimate,c,2048,2048,5.479200e-05,5.461565e-05
8,16,estimate,c,2048,2048,7.658300e-05,6.004304e-05
8,32,estimate,c,2048,2048,1.058750e-04,6.145203e-05
8,1,estimate,r,4096,4096,6.683330e-04,5.611550e-06
8,2,estimate,r,4096,4096,9.555420e-04,3.837478e-05
8,4,estimate,r,4096,4096,1.143416e-03,4.689699e-05
8,8,estimate,r,4096,4096,1.486583e-03,5.028937e-05
8,16,estimate,r,4096,4096,2.079250e-03,5.592513e-06
8,32,estimate,r,4096,4096,2.976916e-03,5.560529e-06
8,1,estimate,c,4096,4096,2.716700e-05,1.115948e-05
8,2,estimate,c,4096,4096,3.175000e-05,4.005754e-05
8,4,estimate,c,4096,4096,3.483400e-05,5.213720e-05
8,8,estimate,c,4096,4096,5.387500e-05,6.425336e-05
8,16,estimate,c,4096,4096,7.420800e-05,6.131739e-05
8,32,estimate,c,4096,4096,1.138750e-04,7.723957e-05
8,1,estimate,r,8192,8192,7.602920e-04,1.313565e-05
8,2,estimate,r,8192,8192,9.735410e-04,4.702118e-05
8,4,estimate,r,8192,8192,1.297708e-03,5.356331e-05
8,8,estimate,r,8192,8192,1.740250e-03,5.580008e-05
8,16,estimate,r,8192,8192,2.436792e-03,6.425928e-05
8,32,estimate,r,8192,8192,3.696625e-03,7.477778e-05
8,1,estimate,c,8192,8192,6.050000e-05,2.611297e-05
8,2,estimate,c,8192,8192,5.295800e-05,3.920188e-05
8,4,estimate,c,8192,8192,6.529100e-05,5.155370e-05
8,8,estimate,c,8192,8192,1.069170e-04,6.253082e-05
8,16,estimate,c,8192,8192,1.757090e-04,6.513499e-05
8,32,estimate,c,8192,8192,2.260000e-04,1.096146e-04
8,1,estimate,r,16384,16384,8.689590e-04,2.839399e-05
8,2,estimate,r,16384,16384,1.050792e-03,6.390367e-05
8,4,estimate,r,16384,16384,1.393542e-03,8.998956e-05
8,8,estimate,r,16384,16384,2.016333e-03,9.975364e-05
8,16,estimate,r,16384,16384,2.757209e-03,1.107355e-04
8,32,estimate,r,16384,16384,4.295666e-03,2.013727e-04
8,1,estimate,c,16384,16384,7.225000e-05,1.080585e-04
8,2,estimate,c,16384,16384,5.566700e-05,9.846024e-05
8,4,estimate,c,16384,16384,7.212500e-05,5.913581e-05
8,8,estimate,c,16384,16384,1.007080e-04,6.555028e-05
8,16,estimate,c,16384,16384,1.684580e-04,9.071182e-05
8,32,estimate,c,16384,16384,2.087080e-04,1.237910e-04
8,1,estimate,r,32768,32768,1.004708e-03,6.790972e-05
8,2,estimate,r,32768,32768,1.221458e-03,8.288772e-05
8,4,estimate,r,32768,32768,1.587917e-03,1.003248e-04
8,8,estimate,r,32768,32768,2.185416e-03,1.308618e-04
8,16,estimate,r,32768,32768,3.224041e-03,1.979383e-04
8,32,estimate,r,32768,32768,5.089084e-03,2.043820e-04
8,1,estimate,c,32768,32768,7.687500e-05,2.788943e-04
8,2,estimate,c,32768,32768,6.095900e-05,1.818063e-04
8,4,estimate,c,32768,32768,7.345800e-05,1.301563e-04
8,8,estimate,c,32768,32768,1.033750e-04,8.009220e-05
8,16,estimate,c,32768,32768,1.631670e-04,9.483529e-05
8,32,estimate,c,32768,32768,1.998750e-04,1.359396e-04
8,1,estimate,r,65536,65536,1.256291e-03,1.506839e-04
8,2,estimate,r,65536,65536,1.276375e-03,1.223209e-04
8,4,estimate,r,65536,65536,1.744958e-03,1.418615e-04
8,8,estimate,r,65536,65536,2.429208e-03,1.869758e-04
8,16,estimate,r,65536,65536,3.783250e-03,2.294294e-04
8,32,estimate,r,65536,65536,5.929834e-03,2.434256e-04
8,1,estimate,c,65536,65536,1.061670e-04,5.843062e-04
8,2,estimate,c,65536,65536,5.329100e-05,3.820085e-04
8,4,estimate,c,65536,65536,7.262500e-05,1.984114e-04
8,8,estimate,c,65536,65536,1.070000e-04,1.234430e-04
8,16,estimate,c,65536,65536,1.817920e-04,1.493730e-04
8,32,estimate,c,65536,65536,2.047500e-04,1.442828e-04
8,1,estimate,r,131072,131072,1.543709e-03,4.492857e-04
8,2,estimate,r,131072,131072,1.440875e-03,3.889836e-04
8,4,estimate,r,131072,131072,1.894209e-03,3.510656e-04
8,8,estimate,r,131072,131072,2.698791e-03,3.988943e-04
8,16,estimate,r,131072,131072,4.124834e-03,3.987153e-04
8,32,estimate,r,131072,131072,6.954459e-03,4.770878e-04
8,1,estimate,c,131072,131072,1.550410e-04,1.203489e-03
8,2,estimate,c,131072,131072,5.612500e-05,6.986531e-04
8,4,estimate,c,131072,131072,7.650000e-05,4.091599e-04
8,8,estimate,c,131072,131072,1.049160e-04,2.451308e-04
8,16,estimate,c,131072,131072,1.720830e-04,2.523197e-04
8,32,estimate,c,131072,131072,2.127500e-04,2.830565e-04
8,1,estimate,r,262144,262144,2.067333e-03,1.055142e-03
8,2,estimate,r,262144,262144,1.521041e-03,6.717024e-04
8,4,estimate,r,262144,262144,2.025333e-03,4.600471e-04
8,8,estimate,r,262144,262144,3.016208e-03,4.249374e-04
8,16,estimate,r,262144,262144,4.602042e-03,4.784649e-04
8,32,estimate,r,262144,262144,7.615416e-03,4.832475e-04
8,1,estimate,c,262144,262144,3.194160e-04,2.544591e-03
8,2,estimate,c,262144,262144,6.862500e-05,1.374777e-03
8,4,estimate,c,262144,262144,9.308300e-05,7.120792e-04
8,8,estimate,c,262144,262144,1.478330e-04,4.236643e-04
8,16,estimate,c,262144,262144,2.581250e-04,4.625852e-04
8,32,estimate,c,262144,262144,3.792090e-04,4.305435e-04
8,1,estimate,r,4096x2,8192,8.808500e-03,1.149476e-05
8,2,estimate,r,4096x2,8192,5.362500e-05,1.979575e-05
8,4,estimate,r,4096x2,8192,8.778750e-04,2.595085e-05
8,8,estimate,r,4096x2,8192,1.149958e-03,2.484908e-05
8,16,estimate,r,4096x2,8192,1.548667e-03,2.958862e-05
8,32,estimate,r,4096x2,8192,2.094125e-03,1.997442e-05
8,1,estimate,r,4096x8,32768,6.486250e-04,4.648290e-05
8,2,estimate,r,4096x8,32768,5.583300e-05,4.365176e-05
8,4,estimate,r,4096x8,32768,9.191700e-05,2.557931e-05
8,8,estimate,r,4096x8,32768,1.265420e-04,3.356738e-05
8,16,estimate,r,4096x8,32768,9.735420e-04,3.474157e-05
8,32,estimate,r,4096x8,32768,1.302750e-03,4.950504e-05
8,1,estimate,r,4096x32,131072,6.527090e-04,1.862853e-04
8,2,estimate,r,4096x32,131072,5.550000e-05,1.096427e-04
8,4,estimate,r,4096x32,131072,8.729200e-05,6.933315e-05
8,8,estimate,r,4096x32,131072,1.498330e-04,4.735439e-05
8,16,estimate,r,4096x32,131072,2.838750e-04,5.203890e-05
8,32,estimate,r,4096x32,131072,4.465000e-04,7.064683e-05
8,1,estimate,r,4096x256,1048576,6.461670e-04,1.604610e-03
8,2,estimate,r,4096x256,1048576,5.225000e-05,8.528463e-04
8,4,estimate,r,4096x256,1048576,8.250000e-05,4.391285e-04
8,8,estimate,r,4096x256,1048576,1.348330e-04,2.540102e-04
8,16,estimate,r,4096x256,1048576,2.685420e-04,2.552155e-04
8,32,estimate,r,4096x256,1048576,5.591250e-04,3.074736e-04
8,1,estimate,r,4096x1024,4194304,6.860410e-04,6.831833e-03
8,2,estimate,r,4096x1024,4194304,9.770800e-05,3.552668e-03
8,4,estimate,r,4096x1024,4194304,8.354200e-05,1.910160e-03
8,8,estimate,r,4096x1024,4194304,1.375840e-04,1.079595e-03
8,16,estimate,r,4096x1024,4194304,2.491670e-04,1.102958e-03
8,32,estimate,r,4096x1024,4194304,5.400830e-04,1.169053e-03
8,1,estimate,r,16384x2,32768,9.499580e-04,5.696006e-05
8,2,estimate,r,16384x2,32768,5.466600e-05,4.936633e-05
8,4,estimate,r,16384x2,32768,1.152708e-03,4.507828e-05
8,8,estimate,r,16384x2,32768,1.448042e-03,4.647324e-05
8,16,estimate,r,16384x2,32768,2.001375e-03,4.899579e-05
8,32,estimate,r,16384x2,32768,3.066209e-03,5.369507e-05
8,1,estimate,r,16384x8,131072,8.207920e-04,2.284965e-04
8,2,estimate,r,16384x8,131072,7.683400e-05,1.426405e-04
8,4,estimate,r,16384x8,131072,1.109170e-04,8.284008e-05
8,8,estimate,r,16384x8,131072,1.649170e-04,5.407423e-05
8,16,estimate,r,16384x8,131072,1.241667e-03,6.883031e-05
8,32,estimate,r,16384x8,131072,1.678500e-03,7.450795e-05
8,1,estimate,r,16384x32,524288,8.017910e-04,9.344025e-04
8,2,estimate,r,16384x32,524288,6.791600e-05,5.146363e-04
8,4,estimate,r,16384x32,524288,1.190420e-04,2.674644e-04
8,8,estimate,r,16384x32,524288,1.778750e-04,1.619947e-04
8,16,estimate,r,16384x32,524288,3.352910e-04,1.674490e-04
8,32,estimate,r,16384x32,524288,6.094170e-04,1.729729e-04
8,1,estimate,r,16384x256,4194304,8.054580e-04,8.544594e-03
8,2,estimate,r,16384x256,4194304,7.379100e-05,4.502266e-03
8,4,estimate,r,16384x256,4194304,1.009170e-04,2.428754e-03
8,8,estimate,r,16384x256,4194304,1.780830e-04,1.398580e-03
8,16,estimate,r,16384x256,4194304,3.215840e-04,1.398325e-03
8,32,estimate,r,16384x256,4194304,6.661670e-04,1.393721e-03
8,1,estimate,r,16384x1024,16777216,9.448340e-04,3.406558e-02
8,2,estimate,r,16384x1024,16777216,7.125000e-05,1.786666e-02
8,4,estimate,r,16384x1024,16777216,1.015840e-04,9.620295e-03
8,8,estimate,r,16384x1024,16777216,1.750000e-04,5.437934e-03
8,16,estimate,r,16384x1024,16777216,3.532080e-04,5.810949e-03
8,32,estimate,r,16384x1024,16777216,6.691670e-04,5.647272e-03
8,1,estimate,c,1024x32x32,1048576,6.948679e-02,1.340289e-02
8,2,estimate,c,1024x32x32,1048576,7.791700e-05,6.853527e-03
8,4,estimate,c,1024x32x32,1048576,1.010420e-04,3.566526e-03
8,8,estimate,c,1024x32x32,1048576,1.619590e-04,1.863977e-03
8,16,estimate,c,1024x32x32,1048576,2.722080e-04,1.821657e-03
8,32,estimate,c,1024x32x32,1048576,3.883330e-04,1.830344e-03
8,1,estimate,c,1024x64x64,4194304,7.029200e-05,6.836390e-02
8,2,estimate,c,1024x64x64,4194304,7.495800e-05,3.419510e-02
8,4,estimate,c,1024x64x64,4194304,9.983400e-05,1.859608e-02
8,8,estimate,c,1024x64x64,4194304,1.531660e-04,9.763186e-03
8,16,estimate,c,1024x64x64,4194304,2.613330e-04,9.802148e-03
8,32,estimate,c,1024x64x64,4194304,4.818340e-04,9.609903e-03
8,1,estimate,c,4096x64x64,16777216,7.691700e-05,3.382557e-01
8,2,estimate,c,4096x64x64,16777216,7.500000e-05,1.661432e-01
8,4,estimate,c,4096x64x64,16777216,1.011670e-04,8.665892e-02
8,8,estimate,c,4096x64x64,16777216,1.530000e-04,4.707204e-02
8,16,estimate,c,4096x64x64,16777216,2.627500e-04,4.725212e-02
8,32,estimate,c,4096x64x64,16777216,4.628750e-04,4.705089e-02
8,1,patient,r,1024,1024,1.552592e-02,1.163587e-06
8,2,patient,r,1024,1024,5.711367e-02,2.367897e-05
8,4,patient,r,1024,1024,9.864375e-02,2.808467e-05
8,8,patient,r,1024,1024,1.541860e-01,2.692507e-05
8,16,patient,r,1024,1024,2.215356e-01,2.863151e-05
8,32,patient,r,1024,1024,3.124725e-01,2.691873e-05
8,1,patient,c,1024,1024,2.398933e-02,1.985317e-06
8,2,patient,c,1024,1024,9.316900e-02,4.036846e-05
8,4,patient,c,1024,1024,1.723683e-01,5.207981e-05
8,8,patient,c,1024,1024,2.753582e-01,3.745439e-05
8,16,patient,c,1024,1024,4.140445e-01,5.585987e-05
8,32,patient,c,1024,1024,5.939239e-01,8.365547e-05
8,1,patient,r,2048,2048,2.511813e-02,2.570629e-06
8,2,patient,r,2048,2048,9.396712e-02,2.716068e-05
8,4,patient,r,2048,2048,1.752283e-01,3.026659e-05
8,8,patient,r,2048,2048,2.780334e-01,2.531030e-05
8,16,patient,r,2048,2048,4.154730e-01,2.332500e-05
8,32,patient,r,2048,2048,6.032228e-01,2.627691e-05
8,1,patient,c,2048,2048,3.810338e-02,4.879358e-06
8,2,patient,c,2048,2048,1.506610e-01,4.032220e-05
8,4,patient,c,2048,2048,2.862258e-01,4.859131e-05
8,8,patient,c,2048,2048,4.575998e-01,5.231235e-05
8,16,patient,c,2048,2048,7.010108e-01,5.528328e-05
8,32,patient,c,2048,2048,1.037330e+00,1.052005e-04
8,1,patient,r,4096,4096,3.893592e-02,5.576392e-06
8,2,patient,r,4096,4096,1.528419e-01,3.882110e-05
8,4,patient,r,4096,4096,2.883776e-01,4.068221e-05
8,8,patient,r,4096,4096,4.624188e-01,4.475380e-05
8,16,patient,r,4096,4096,7.028082e-01,4.495907e-05
8,32,patient,r,4096,4096,1.041813e+00,4.193918e-05
8,1,patient,c,4096,4096,5.921763e-02,1.199801e-05
8,2,patient,c,4096,4096,2.333669e-01,4.032516e-05
8,4,patient,c,4096,4096,4.432709e-01,4.891969e-05
8,8,patient,c,4096,4096,7.229738e-01,7.322402e-05
8,16,patient,c,4096,4096,1.126080e+00,5.770028e-05
8,32,patient,c,4096,4096,1.710945e+00,1.075583e-04
8,1,patient,r,8192,8192,5.982354e-02,1.279664e-05
8,2,patient,r,8192,8192,2.359513e-01,1.209989e-04
8,4,patient,r,8192,8192,4.458348e-01,4.475876e-05
8,8,patient,r,8192,8192,7.270545e-01,4.855682e-05
8,16,patient,r,8192,8192,1.135027e+00,5.290846e-05
8,32,patient,r,8192,8192,1.707005e+00,7.364615e-05
8,1,patient,c,8192,8192,8.511021e-02,2.907541e-05
8,2,patient,c,8192,8192,3.433611e-01,4.364615e-05
8,4,patient,c,8192,8192,6.655155e-01,4.909771e-05
8,8,patient,c,8192,8192,1.092545e+00,6.302679e-05
8,16,patient,c,8192,8192,1.727841e+00,7.155878e-05
8,32,patient,c,8192,8192,2.665762e+00,1.088063e-04
8,1,patient,r,16384,16384,8.720767e-02,2.859402e-05
8,2,patient,r,16384,16384,3.467119e-01,2.369870e-04
8,4,patient,r,16384,16384,6.689708e-01,2.921380e-04
8,8,patient,r,16384,16384,1.096724e+00,8.434925e-05
8,16,patient,r,16384,16384,1.728574e+00,9.761040e-05
8,32,patient,r,16384,16384,2.652489e+00,1.087625e-04
8,1,patient,c,16384,16384,1.198126e-01,1.203265e-04
8,2,patient,c,16384,16384,4.893916e-01,4.202270e-04
8,4,patient,c,16384,16384,9.519382e-01,4.622224e-04
8,8,patient,c,16384,16384,1.579496e+00,3.914393e-04
8,16,patient,c,16384,16384,2.504946e+00,8.855970e-05
8,32,patient,c,16384,16384,3.932697e+00,1.285640e-04
8,1,patient,r,32768,32768,1.203333e-01,6.823284e-05
8,2,patient,r,32768,32768,4.930175e-01,3.421988e-04
8,4,patient,r,32768,32768,9.506255e-01,3.577037e-04
8,8,patient,r,32768,32768,1.587234e+00,1.356351e-04
8,16,patient,r,32768,32768,2.514546e+00,1.932670e-04
8,32,patient,r,32768,32768,3.926438e+00,2.062760e-04
8,1,patient,c,32768,32768,1.667399e-01,2.777617e-04
8,2,patient,c,32768,32768,6.807555e-01,8.248290e-04
8,4,patient,c,32768,32768,1.332818e+00,9.074749e-04
8,8,patient,c,32768,32768,2.226234e+00,7.535228e-04
8,16,patient,c,32768,32768,3.548975e+00,1.471211e-04
8,32,patient,c,32768,32768,5.593682e+00,1.360603e-04
8,1,patient,r,65536,65536,1.675612e-01,1.547699e-04
8,2,patient,r,65536,65536,6.879097e-01,2.387051e-04
8,4,patient,r,65536,65536,1.348978e+00,4.015330e-04
8,8,patient,r,65536,65536,2.227150e+00,1.869590e-04
8,16,patient,r,65536,65536,3.565856e+00,2.323206e-04
8,32,patient,r,65536,65536,5.617484e+00,2.102101e-04
8,1,patient,c,65536,65536,2.640675e-01,5.927724e-04
8,2,patient,c,65536,65536,1.062784e+00,9.959406e-04
8,4,patient,c,65536,65536,2.073394e+00,9.964800e-04
8,8,patient,c,65536,65536,3.475354e+00,1.078165e-03
8,16,patient,c,65536,65536,5.593340e+00,1.706127e-04
8,32,patient,c,65536,65536,8.839430e+00,1.403355e-04
8,1,patient,r,131072,131072,2.596154e-01,3.425841e-04
8,2,patient,r,131072,131072,1.063403e+00,4.505843e-04
8,4,patient,r,131072,131072,2.070620e+00,4.699959e-04
8,8,patient,r,131072,131072,3.469263e+00,2.521819e-04
8,16,patient,r,131072,131072,5.634318e+00,3.008391e-04
8,32,patient,r,131072,131072,8.871004e+00,2.605839e-04
8,1,patient,c,131072,131072,3.401726e-01,1.233810e-03
8,2,patient,c,131072,131072,1.377359e+00,1.336793e-03
8,4,patient,c,131072,131072,2.729321e+00,1.134700e-03
8,8,patient,c,131072,131072,4.596644e+00,1.247042e-03
8,16,patient,c,131072,131072,7.699144e+00,2.041691e-03
8,32,patient,c,131072,131072,1.210767e+01,3.550951e-04
8,1,patient,r,262144,262144,3.344103e-01,1.000036e-03
8,2,patient,r,262144,262144,1.388174e+00,1.607338e-03
8,4,patient,r,262144,262144,2.790618e+00,1.540855e-03
8,8,patient,r,262144,262144,4.791075e+00,1.591865e-03
8,16,patient,r,262144,262144,7.692816e+00,7.294839e-04
8,32,patient,r,262144,262144,1.213491e+01,7.602548e-04
8,1,patient,c,262144,262144,4.482658e-01,2.818883e-03
8,2,patient,c,262144,262144,1.893102e+00,2.890184e-03
8,4,patient,c,262144,262144,3.757448e+00,2.819652e-03
8,8,patient,c,262144,262144,6.379808e+00,2.737399e-03
8,16,patient,c,262144,262144,1.038023e+01,2.840694e-03
8,32,patient,c,262144,262144,1.663557e+01,7.351979e-04
8,1,patient,r,4096x2,8192,4.863262e-02,1.187639e-05
8,2,patient,r,4096x2,8192,1.716307e-01,2.327404e-05
8,4,patient,r,4096x2,8192,3.367168e-01,2.893429e-05
8,8,patient,r,4096x2,8192,5.580815e-01,2.975746e-05
8,16,patient,r,4096x2,8192,8.608333e-01,3.480658e-05
8,32,patient,r,4096x2,8192,1.304168e+00,4.386430e-05
8,1,patient,r,4096x8,32768,4.570021e-02,5.137995e-05
8,2,patient,r,4096x8,32768,1.811497e-01,4.117423e-04
8,4,patient,r,4096x8,32768,3.434161e-01,4.972976e-04
8,8,patient,r,4096x8,32768,5.443370e-01,3.685046e-05
8,16,patient,r,4096x8,32768,8.751007e-01,4.448247e-05
8,32,patient,r,4096x8,32768,1.359167e+00,5.265166e-05
8,1,patient,r,4096x32,131072,4.476342e-02,2.050622e-04
8,2,patient,r,4096x32,131072,1.783611e-01,5.848794e-04
8,4,patient,r,4096x32,131072,3.427199e-01,6.905302e-04
8,8,patient,r,4096x32,131072,5.492652e-01,7.224115e-04
8,16,patient,r,4096x32,131072,8.408998e-01,2.549092e-04
8,32,patient,r,4096x32,131072,1.260993e+00,8.340760e-05
8,1,patient,r,4096x256,1048576,4.634750e-02,2.342478e-03
8,2,patient,r,4096x256,1048576,1.825902e-01,2.277283e-03
8,4,patient,r,4096x256,1048576,3.463903e-01,1.987407e-03
8,8,patient,r,4096x256,1048576,5.582902e-01,2.025062e-03
8,16,patient,r,4096x256,1048576,8.446392e-01,1.362320e-03
8,32,patient,r,4096x256,1048576,1.269038e+00,1.405297e-03
8,1,patient,r,16384x2,32768,9.513046e-02,5.835316e-05
8,2,patient,r,16384x2,32768,3.817020e-01,2.721886e-04
8,4,patient,r,16384x2,32768,7.539718e-01,3.460193e-04
8,8,patient,r,16384x2,32768,1.257735e+00,4.025375e-04
8,16,patient,r,16384x2,32768,2.007192e+00,5.246794e-05
8,32,patient,r,16384x2,32768,3.131560e+00,9.957155e-05
8,1,patient,r,16384x8,131072,9.515379e-02,2.506621e-04
8,2,patient,r,16384x8,131072,3.878705e-01,3.231757e-03
8,4,patient,r,16384x8,131072,7.586411e-01,3.801251e-03
8,8,patient,r,16384x8,131072,1.254224e+00,4.491274e-04
8,16,patient,r,16384x8,131072,2.033253e+00,6.212849e-04
8,32,patient,r,16384x8,131072,3.235563e+00,7.767316e-04
8,1,patient,r,16384x32,524288,9.572429e-02,1.096999e-03
8,2,patient,r,16384x32,524288,3.934171e-01,3.685946e-03
8,4,patient,r,16384x32,524288,7.622067e-01,4.247556e-03
8,8,patient,r,16384x32,524288,1.252163e+00,1.667463e-03
8,16,patient,r,16384x32,524288,1.968419e+00,1.375249e-03
8,32,patient,r,16384x32,524288,3.057907e+00,1.007821e-03
8,1,patient,c,1024x32x32,1048576,3.610658e-02,2.058237e-02
8,2,patient,c,1024x32x32,1048576,1.502859e-01,2.773960e-02
8,4,patient,c,1024x32x32,1048576,2.597403e-01,3.099474e-02
8,8,patient,c,1024x32x32,1048576,4.057037e-01,3.784486e-02
8,16,patient,c,1024x32x32,1048576,6.153385e-01,4.043926e-02
8,32,patient,c,1024x32x32,1048576,8.906017e-01,3.901243e-03
10,1,estimate,r,1024,1024,6.772417e-03,1.171112e-06
10,2,estimate,r,1024,1024,6.791670e-04,2.652821e-05
10,4,estimate,r,1024,1024,8.395830e-04,1.171025e-06
10,8,estimate,r,1024,1024,1.080750e-03,1.184862e-06
10,10,estimate,r,1024,1024,1.522417e-03,1.181908e-06
10,20,estimate,r,1024,1024,2.171625e-03,1.179467e-06
10,40,estimate,r,1024,1024,2.453625e-03,1.164696e-06
10,1,estimate,c,1024,1024,6.411958e-03,2.130813e-06
10,2,estimate,c,1024,1024,3.962500e-05,5.691160e-05
10,4,estimate,c,1024,1024,4.237500e-05,6.112649e-05
10,8,estimate,c,1024,1024,5.150000e-05,5.177646e-05
10,10,estimate,c,1024,1024,1.082080e-04,9.350689e-05
10,20,estimate,c,1024,1024,1.681250e-04,1.096041e-04
10,40,estimate,c,1024,1024,1.626250e-04,6.810691e-05
10,1,estimate,r,2048,2048,5.862090e-04,2.576704e-06
10,2,estimate,r,2048,2048,7.613750e-04,3.133357e-05
10,4,estimate,r,2048,2048,1.035167e-03,3.534931e-05
10,8,estimate,r,2048,2048,1.255166e-03,2.598962e-06
10,10,estimate,r,2048,2048,1.702875e-03,2.557783e-06
10,20,estimate,r,2048,2048,2.502625e-03,2.566462e-06
10,40,estimate,r,2048,2048,3.440917e-03,2.568921e-06
10,1,estimate,c,2048,2048,2.683300e-05,4.921817e-06
10,2,estimate,c,2048,2048,3.454200e-05,5.376002e-05
10,4,estimate,c,2048,2048,4.166600e-05,6.624885e-05
10,8,estimate,c,2048,2048,5.358300e-05,5.841224e-05
10,10,estimate,c,2048,2048,9.445800e-05,1.684885e-04
10,20,estimate,c,2048,2048,8.825000e-05,1.209002e-04
10,40,estimate,c,2048,2048,1.650830e-04,5.886981e-05
10,1,estimate,r,4096,4096,6.910830e-04,5.642708e-06
10,2,estimate,r,4096,4096,1.090292e-03,3.267503e-05
10,4,estimate,r,4096,4096,1.134000e-03,4.458084e-05
10,8,estimate,r,4096,4096,1.495667e-03,5.136722e-05
10,10,estimate,r,4096,4096,2.097708e-03,4.836655e-05
10,20,estimate,r,4096,4096,2.978667e-03,5.691125e-06
10,40,estimate,r,4096,4096,4.711959e-03,5.601575e-06
10,1,estimate,c,4096,4096,3.133300e-05,1.124673e-05
10,2,estimate,c,4096,4096,3.850000e-05,7.697461e-05
10,4,estimate,c,4096,4096,4.525000e-05,8.076329e-05
10,8,estimate,c,4096,4096,5.037500e-05,9.103275e-05
10,10,estimate,c,4096,4096,1.073750e-04,1.044356e-04
10,20,estimate,c,4096,4096,9.470800e-05,1.112561e-04
10,40,estimate,c,4096,4096,1.628330e-04,7.043363e-05
10,1,estimate,r,8192,8192,7.671660e-04,1.369901e-05
10,2,estimate,r,8192,8192,9.683750e-04,5.343039e-05
10,4,estimate,r,8192,8192,1.275500e-03,5.603689e-05
10,8,estimate,r,8192,8192,1.768500e-03,5.315812e-05
10,10,estimate,r,8192,8192,2.507542e-03,9.443240e-05
10,20,estimate,r,8192,8192,3.714042e-03,1.101988e-04
10,40,estimate,r,8192,8192,5.522000e-03,1.947626e-04
10,1,estimate,c,8192,8192,5.341700e-05,2.637333e-05
10,2,estimate,c,8192,8192,5.783300e-05,5.139077e-05
10,4,estimate,c,8192,8192,8.012500e-05,9.918818e-05
10,8,estimate,c,8192,8192,1.111670e-04,8.797146e-05
10,10,estimate,c,8192,8192,1.981660e-04,9.014563e-05
10,20,estimate,c,8192,8192,2.578750e-04,1.131757e-04
10,40,estimate,c,8192,8192,3.810830e-04,2.853089e-04
10,1,estimate,r,16384,16384,8.612920e-04,2.847676e-05
10,2,estimate,r,16384,16384,1.049833e-03,6.087131e-05
10,4,estimate,r,16384,16384,1.411167e-03,8.188937e-05
10,8,estimate,r,16384,16384,1.922708e-03,7.099747e-05
10,10,estimate,r,16384,16384,2.717542e-03,5.133291e-05
10,20,estimate,r,16384,16384,4.308166e-03,1.756641e-04
10,40,estimate,r,16384,16384,6.467042e-03,2.171395e-04
10,1,estimate,c,16384,16384,5.937500e-05,1.101440e-04
10,2,estimate,c,16384,16384,5.816700e-05,1.251794e-04
10,4,estimate,c,16384,16384,6.629200e-05,1.250317e-04
10,8,estimate,c,16384,16384,1.042500e-04,1.026754e-04
10,10,estimate,c,16384,16384,1.950420e-04,1.030718e-04
10,20,estimate,c,16384,16384,2.518750e-04,1.724907e-04
10,40,estimate,c,16384,16384,4.172080e-04,3.491562e-04
10,1,estimate,r,32768,32768,1.008125e-03,6.991076e-05
10,2,estimate,r,32768,32768,1.155250e-03,8.050111e-05
10,4,estimate,r,32768,32768,1.650791e-03,9.631540e-05
10,8,estimate,r,32768,32768,2.294333e-03,7.873896e-05
10,10,estimate,r,32768,32768,3.319833e-03,1.735541e-04
10,20,estimate,r,32768,32768,4.951292e-03,1.749945e-04
10,40,estimate,r,32768,32768,8.127042e-03,2.165515e-04
10,1,estimate,c,32768,32768,7.100000e-05,2.855999e-04
10,2,estimate,c,32768,32768,5.195800e-05,1.882785e-04
10,4,estimate,c,32768,32768,6.970900e-05,1.826698e-04
10,8,estimate,c,32768,32768,9.962500e-05,1.889592e-04
10,10,estimate,c,32768,32768,1.975000e-04,1.651126e-04
10,20,estimate,c,32768,32768,2.633330e-04,2.621084e-04
10,40,estimate,c,32768,32768,3.738330e-04,3.602096e-04
10,1,estimate,r,65536,65536,1.218333e-03,1.512507e-04
10,2,estimate,r,65536,65536,1.299209e-03,1.238234e-04
10,4,estimate,r,65536,65536,1.729875e-03,1.387957e-04
10,8,estimate,r,65536,65536,2.472417e-03,1.668304e-04
10,10,estimate,r,65536,65536,3.712375e-03,2.017744e-04
10,20,estimate,r,65536,65536,5.685833e-03,2.192674e-04
10,40,estimate,r,65536,65536,9.262875e-03,2.420073e-04
10,1,estimate,c,65536,65536,1.180420e-04,5.988808e-04
10,2,estimate,c,65536,65536,5.608300e-05,3.853063e-04
10,4,estimate,c,65536,65536,7.375000e-05,2.474615e-04
10,8,estimate,c,65536,65536,1.193750e-04,2.899030e-04
10,10,estimate,c,65536,65536,1.915410e-04,3.251033e-04
10,20,estimate,c,65536,65536,2.509170e-04,3.109515e-04
10,40,estimate,c,65536,65536,3.849580e-04,3.966992e-04
10,1,estimate,r,131072,131072,1.575375e-03,4.549149e-04
10,2,estimate,r,131072,131072,1.387416e-03,3.946743e-04
10,4,estimate,r,131072,131072,1.874250e-03,3.508814e-04
10,8,estimate,r,131072,131072,2.794000e-03,4.045946e-04
10,10,estimate,r,131072,131072,4.060083e-03,4.610156e-04
10,20,estimate,r,131072,131072,6.170500e-03,4.702475e-04
10,40,estimate,r,131072,131072,1.046313e-02,4.898860e-04
10,1,estimate,c,131072,131072,1.627500e-04,1.231757e-03
10,2,estimate,c,131072,131072,5.675000e-05,6.961688e-04
10,4,estimate,c,131072,131072,6.900000e-05,4.140680e-04
10,8,estimate,c,131072,131072,9.825000e-05,4.525663e-04
10,10,estimate,c,131072,131072,1.937500e-04,4.669229e-04
10,20,estimate,c,131072,131072,2.359580e-04,4.403910e-04
10,40,estimate,c,131072,131072,4.190410e-04,4.962131e-04
10,1,estimate,r,262144,262144,2.112125e-03,1.102883e-03
10,2,estimate,r,262144,262144,1.469750e-03,6.893588e-04
10,4,estimate,r,262144,262144,2.002375e-03,4.681286e-04
10,8,estimate,r,262144,262144,3.046167e-03,4.648462e-04
10,10,estimate,r,262144,262144,4.420500e-03,5.433322e-04
10,20,estimate,r,262144,262144,7.298583e-03,5.003959e-04
10,40,estimate,r,262144,262144,1.226779e-02,5.206240e-04
10,1,estimate,c,262144,262144,3.275840e-04,2.649292e-03
10,2,estimate,c,262144,262144,6.304200e-05,1.392873e-03
10,4,estimate,c,262144,262144,1.057910e-04,7.512497e-04
10,8,estimate,c,262144,262144,1.401250e-04,7.246516e-04
10,10,estimate,c,262144,262144,2.777090e-04,7.842870e-04
10,20,estimate,c,262144,262144,3.948330e-04,6.890980e-04
10,40,estimate,c,262144,262144,7.052500e-04,7.408519e-04
10,1,estimate,r,4096x2,8192,8.667166e-03,1.166203e-05
10,2,estimate,r,4096x2,8192,4.925000e-05,4.296638e-05
10,4,estimate,r,4096x2,8192,8.810420e-04,5.668920e-05
10,8,estimate,r,4096x2,8192,1.260417e-03,4.819974e-05
10,10,estimate,r,4096x2,8192,1.618625e-03,1.026999e-04
10,20,estimate,r,4096x2,8192,2.066750e-03,9.323259e-05
10,40,estimate,r,4096x2,8192,2.878500e-03,3.602899e-05
10,1,estimate,r,4096x8,32768,6.549580e-04,4.739904e-05
10,2,estimate,r,4096x8,32768,6.120800e-05,5.710659e-05
10,4,estimate,r,4096x8,32768,9.441700e-05,5.097594e-05
10,8,estimate,r,4096x8,32768,1.214170e-04,5.341300e-05
10,10,estimate,r,4096x8,32768,1.036792e-03,6.418241e-05
10,20,estimate,r,4096x8,32768,1.249334e-03,7.136542e-05
10,40,estimate,r,4096x8,32768,1.808542e-03,1.133292e-04
10,1,estimate,r,4096x32,131072,6.630420e-04,1.918082e-04
10,2,estimate,r,4096x32,131072,5.954200e-05,1.114350e-04
10,4,estimate,r,4096x32,131072,8.666600e-05,1.021079e-04
10,8,estimate,r,4096x32,131072,1.452080e-04,1.273200e-04
10,10,estimate,r,4096x32,131072,2.586660e-04,1.043313e-04
10,20,estimate,r,4096x32,131072,4.212080e-04,1.210670e-04
10,40,estimate,r,4096x32,131072,1.386959e-03,1.868123e-04
10,1,estimate,r,4096x256,1048576,6.452500e-04,1.631058e-03
10,2,estimate,r,4096x256,1048576,5.320800e-05,8.687247e-04
10,4,estimate,r,4096x256,1048576,8.079200e-05,4.458431e-04
10,8,estimate,r,4096x256,1048576,1.475410e-04,3.392852e-04
10,10,estimate,r,4096x256,1048576,1.664580e-04,4.148398e-04
10,20,estimate,r,4096x256,1048576,3.114590e-04,3.416559e-04
10,40,estimate,r,4096x256,1048576,1.152333e-03,3.471935e-04
10,1,estimate,r,4096x1024,4194304,6.447920e-04,7.000420e-03
10,2,estimate,r,4096x1024,4194304,5.820800e-05,3.591396e-03
10,4,estimate,r,4096x1024,4194304,8.387500e-05,1.918657e-03
10,8,estimate,r,4096x1024,4194304,1.518340e-04,1.401744e-03
10,10,estimate,r,4096x1024,4194304,1.906670e-04,1.554118e-03
10,20,estimate,r,4096x1024,4194304,3.081250e-04,1.330788e-03
10,40,estimate,r,4096x1024,4194304,5.918750e-04,1.315413e-03
10,1,estimate,r,16384x2,32768,8.926660e-04,5.823900e-05
10,2,estimate,r,16384x2,32768,6.266700e-05,5.950542e-05
10,4,estimate,r,16384x2,32768,1.098625e-03,7.555650e-05
10,8,estimate,r,16384x2,32768,1.483250e-03,1.157314e-04
10,10,estimate,r,16384x2,32768,2.017667e-03,7.725663e-05
10,20,estimate,r,16384x2,32768,2.884541e-03,1.024885e-04
10,40,estimate,r,16384x2,32768,5.427709e-03,1.562635e-04
10,1,estimate,r,16384x8,131072,8.440830e-04,2.335013e-04
10,2,estimate,r,16384x8,131072,6.208400e-05,1.383468e-04
10,4,estimate,r,16384x8,131072,1.104590e-04,1.145853e-04
10,8,estimate,r,16384x8,131072,1.593330e-04,1.309860e-04
10,10,estimate,r,16384x8,131072,1.243875e-03,1.106318e-04
10,20,estimate,r,16384x8,131072,1.588542e-03,1.221078e-04
10,40,estimate,r,16384x8,131072,2.439375e-03,1.665265e-04
10,1,estimate,r,16384x32,524288,8.055420e-04,9.727964e-04
10,2,estimate,r,16384x32,524288,6.583300e-05,5.031828e-04
10,4,estimate,r,16384x32,524288,1.099170e-04,2.737978e-04
10,8,estimate,r,16384x32,524288,1.990830e-04,2.672891e-04
10,10,estimate,r,16384x32,524288,3.626250e-04,3.226557e-04
10,20,estimate,r,16384x32,524288,5.742920e-04,2.820882e-04
10,40,estimate,r,16384x32,524288,1.770000e-03,2.676509e-04
10,1,estimate,r,16384x256,4194304,8.290000e-04,8.794785e-03
10,2,estimate,r,16384x256,4194304,6.887500e-05,4.616157e-03
10,4,estimate,r,16384x256,4194304,1.016250e-04,2.461365e-03
10,8,estimate,r,16384x256,4194304,1.834170e-04,1.702545e-03
10,10,estimate,r,16384x256,4194304,2.125000e-04,1.968096e-03
10,20,estimate,r,16384x256,4194304,3.902500e-04,1.673070e-03
10,40,estimate,r,16384x256,4194304,1.441417e-03,1.655267e-03
10,1,estimate,r,16384x1024,16777216,9.047090e-04,3.497883e-02
10,2,estimate,r,16384x1024,16777216,6.195800e-05,1.830490e-02
10,4,estimate,r,16384x1024,16777216,1.008750e-04,9.653318e-03
10,8,estimate,r,16384x1024,16777216,1.858330e-04,6.497806e-03
10,10,estimate,r,16384x1024,16777216,2.195830e-04,7.490984e-03
10,20,estimate,r,16384x1024,16777216,3.867910e-04,6.494924e-03
10,40,estimate,r,16384x1024,16777216,7.653330e-04,6.163553e-03
10,1,estimate,c,1024x32x32,1048576,7.919158e-02,1.405022e-02
10,2,estimate,c,1024x32x32,1048576,1.047080e-04,7.059492e-03
10,4,estimate,c,1024x32x32,1048576,1.048750e-04,3.715491e-03
10,8,estimate,c,1024x32x32,1048576,1.652500e-04,2.285837e-03
10,10,estimate,c,1024x32x32,1048576,3.007090e-04,2.595198e-03
10,20,estimate,c,1024x32x32,1048576,4.170410e-04,2.543005e-03
10,40,estimate,c,1024x32x32,1048576,9.835830e-04,2.356051e-03
10,1,estimate,c,1024x64x64,4194304,8.550000e-05,6.946537e-02
10,2,estimate,c,1024x64x64,4194304,8.641700e-05,3.466713e-02
10,4,estimate,c,1024x64x64,4194304,1.128750e-04,1.824502e-02
10,8,estimate,c,1024x64x64,4194304,1.547910e-04,1.033284e-02
10,10,estimate,c,1024x64x64,4194304,2.034160e-04,1.455855e-02
10,20,estimate,c,1024x64x64,4194304,4.741660e-04,1.086775e-02
10,40,estimate,c,1024x64x64,4194304,8.311670e-04,1.071105e-02
10,1,estimate,c,4096x64x64,16777216,7.141700e-05,3.424320e-01
10,2,estimate,c,4096x64x64,16777216,7.158300e-05,1.713670e-01
10,4,estimate,c,4096x64x64,16777216,9.833400e-05,9.040160e-02
10,8,estimate,c,4096x64x64,16777216,1.541250e-04,5.549721e-02
10,10,estimate,c,4096x64x64,16777216,1.748340e-04,6.050092e-02
10,20,estimate,c,4096x64x64,16777216,5.282080e-04,5.597133e-02
10,40,estimate,c,4096x64x64,16777216,8.875420e-04,4.947167e-02
10,1,patient,r,1024,1024,1.663246e-02,1.184429e-06
10,2,patient,r,1024,1024,6.030458e-02,2.421868e-05
10,4,patient,r,1024,1024,1.010412e-01,4.045000e-05
10,8,patient,r,1024,1024,1.594657e-01,2.810371e-05
10,10,patient,r,1024,1024,2.572243e-01,3.959811e-05
10,20,patient,r,1024,1024,3.630684e-01,2.682546e-05
10,40,patient,r,1024,1024,4.887007e-01,3.676976e-05
10,1,patient,c,1024,1024,2.612421e-02,1.993471e-06
10,2,patient,c,1024,1024,9.186133e-02,4.309911e-05
10,4,patient,c,1024,1024,1.846380e-01,4.766193e-05
10,8,patient,c,1024,1024,2.800914e-01,5.640827e-05
10,10,patient,c,1024,1024,4.828595e-01,1.199247e-04
10,20,patient,c,1024,1024,6.911933e-01,6.174814e-05
10,40,patient,c,1024,1024,9.686331e-01,1.099032e-04
10,1,patient,r,2048,2048,2.704158e-02,2.538279e-06
10,2,patient,r,2048,2048,9.961946e-02,2.771478e-05
10,4,patient,r,2048,2048,1.802544e-01,6.061346e-05
10,8,patient,r,2048,2048,2.833525e-01,3.812461e-05
10,10,patient,r,2048,2048,4.875662e-01,4.040381e-05
10,20,patient,r,2048,2048,7.053182e-01,4.104131e-05
10,40,patient,r,2048,2048,9.723888e-01,3.279798e-05
10,1,patient,c,2048,2048,4.050317e-02,4.883254e-06
10,2,patient,c,2048,2048,1.553550e-01,5.026108e-05
10,4,patient,c,2048,2048,2.905978e-01,5.706423e-05
10,8,patient,c,2048,2048,4.683850e-01,9.388359e-05
10,10,patient,c,2048,2048,8.255506e-01,8.886412e-05
10,20,patient,c,2048,2048,1.201526e+00,9.919146e-05
10,40,patient,c,2048,2048,1.738378e+00,1.015326e-04
10,1,patient,r,4096,4096,3.963846e-02,5.561967e-06
10,2,patient,r,4096,4096,1.537513e-01,3.274113e-05
10,4,patient,r,4096,4096,2.943100e-01,3.511658e-05
10,8,patient,r,4096,4096,4.728018e-01,5.618312e-05
10,10,patient,r,4096,4096,8.350223e-01,5.190820e-05
10,20,patient,r,4096,4096,1.211055e+00,5.502428e-05
10,40,patient,r,4096,4096,1.749947e+00,4.519680e-05
10,1,patient,c,4096,4096,6.275308e-02,1.206946e-05
10,2,patient,c,4096,4096,2.351226e-01,5.794583e-05
10,4,patient,c,4096,4096,4.523437e-01,6.187120e-05
10,8,patient,c,4096,4096,7.410084e-01,7.267465e-05
10,10,patient,c,4096,4096,1.323371e+00,1.160079e-04
10,20,patient,c,4096,4096,1.985976e+00,1.000362e-04
10,40,patient,c,4096,4096,2.920687e+00,8.476553e-05
10,1,patient,r,8192,8192,6.013183e-02,1.294018e-05
10,2,patient,r,8192,8192,2.397134e-01,1.341433e-04
10,4,patient,r,8192,8192,4.573974e-01,3.939882e-05
10,8,patient,r,8192,8192,7.423771e-01,7.597832e-05
10,10,patient,r,8192,8192,1.338700e+00,8.668975e-05
10,20,patient,r,8192,8192,1.999707e+00,1.012337e-04
10,40,patient,r,8192,8192,2.968391e+00,1.437894e-04
10,1,patient,c,8192,8192,9.258671e-02,2.933359e-05
10,2,patient,c,8192,8192,3.547015e-01,7.832886e-05
10,4,patient,c,8192,8192,6.837904e-01,7.680401e-05
10,8,patient,c,8192,8192,1.119032e+00,8.698840e-05
10,10,patient,c,8192,8192,2.019714e+00,1.061056e-04
10,20,patient,c,8192,8192,3.086707e+00,1.395884e-04
10,40,patient,c,8192,8192,4.640576e+00,2.161870e-04
10,1,patient,r,16384,16384,9.101467e-02,2.906570e-05
10,2,patient,r,16384,16384,3.590115e-01,2.582998e-04
10,4,patient,r,16384,16384,6.922947e-01,2.350829e-04
10,8,patient,r,16384,16384,1.127915e+00,5.324693e-05
10,10,patient,r,16384,16384,2.026788e+00,9.179827e-05
10,20,patient,r,16384,16384,3.080272e+00,1.349382e-04
10,40,patient,r,16384,16384,4.661610e+00,1.780435e-04
10,1,patient,c,16384,16384,1.233286e-01,1.213501e-04
10,2,patient,c,16384,16384,4.984370e-01,5.266891e-04
10,4,patient,c,16384,16384,9.780698e-01,5.616149e-04
10,8,patient,c,16384,16384,1.619717e+00,6.195697e-04
10,10,patient,c,16384,16384,2.933290e+00,1.168456e-04
10,20,patient,c,16384,16384,4.522892e+00,1.560628e-04
10,40,patient,c,16384,16384,6.923490e+00,2.257151e-04
10,1,patient,r,32768,32768,1.263562e-01,6.851650e-05
10,2,patient,r,32768,32768,5.054432e-01,3.016574e-04
10,4,patient,r,32768,32768,9.793170e-01,2.789081e-04
10,8,patient,r,32768,32768,1.626286e+00,1.173026e-04
10,10,patient,r,32768,32768,2.970404e+00,1.505558e-04
10,20,patient,r,32768,32768,4.522180e+00,1.235062e-04
10,40,patient,r,32768,32768,6.964682e+00,1.406306e-04
10,1,patient,c,32768,32768,1.710968e-01,2.797697e-04
10,2,patient,c,32768,32768,6.929224e-01,9.527544e-04
10,4,patient,c,32768,32768,1.357400e+00,8.448633e-04
10,8,patient,c,32768,32768,2.272769e+00,9.998958e-04
10,10,patient,c,32768,32768,4.138159e+00,1.513069e-04
10,20,patient,c,32768,32768,6.430487e+00,1.257409e-04
10,40,patient,c,32768,32768,9.857518e+00,2.287373e-04
10,1,patient,r,65536,65536,1.653203e-01,1.543838e-04
10,2,patient,r,65536,65536,6.732917e-01,4.756852e-04
10,4,patient,r,65536,65536,1.315316e+00,5.583862e-04
10,8,patient,r,65536,65536,2.191696e+00,1.875714e-04
10,10,patient,r,65536,65536,4.042548e+00,2.217819e-04
10,20,patient,r,65536,65536,6.230237e+00,2.189425e-04
10,40,patient,r,65536,65536,9.800705e+00,2.328001e-04
10,1,patient,c,65536,65536,2.656543e-01,5.967106e-04
10,2,patient,c,65536,65536,1.069910e+00,1.721234e-03
10,4,patient,c,65536,65536,2.068795e+00,1.555361e-03
10,8,patient,c,65536,65536,3.460778e+00,1.616842e-03
10,10,patient,c,65536,65536,6.378622e+00,2.476049e-04
10,20,patient,c,65536,65536,9.942600e+00,1.716298e-04
10,40,patient,c,65536,65536,1.533687e+01,2.313769e-04
10,1,patient,r,131072,131072,2.557335e-01,3.419535e-04
10,2,patient,r,131072,131072,1.057074e+00,5.417303e-04
10,4,patient,r,131072,131072,2.040480e+00,6.652730e-04
10,8,patient,r,131072,131072,3.434434e+00,2.524754e-04
10,10,patient,r,131072,131072,6.293229e+00,3.220226e-04
10,20,patient,r,131072,131072,9.757777e+00,3.185679e-04
10,40,patient,r,131072,131072,1.533119e+01,3.072267e-04
10,1,patient,c,131072,131072,3.283259e-01,1.229152e-03
10,2,patient,c,131072,131072,1.349391e+00,1.994142e-03
10,4,patient,c,131072,131072,2.690446e+00,2.334999e-03
10,8,patient,c,131072,131072,4.487577e+00,2.659711e-03
10,10,patient,c,131072,131072,8.279193e+00,1.816362e-03
10,20,patient,c,131072,131072,1.335029e+01,3.358550e-04
10,40,patient,c,131072,131072,2.058065e+01,3.849094e-04
10,1,patient,r,262144,262144,3.293110e-01,9.754183e-04
10,2,patient,r,262144,262144,1.351992e+00,1.484427e-03
10,4,patient,r,262144,262144,2.674717e+00,1.751523e-03
10,8,patient,r,262144,262144,4.491110e+00,1.762731e-03
10,10,patient,r,262144,262144,8.273765e+00,8.067433e-04
10,20,patient,r,262144,262144,1.303740e+01,7.766755e-04
10,40,patient,r,262144,262144,2.092716e+01,7.861749e-04
10,1,patient,c,262144,262144,4.384252e-01,2.682499e-03
10,2,patient,c,262144,262144,1.798366e+00,4.412610e-03
10,4,patient,c,262144,262144,3.571982e+00,4.724539e-03
10,8,patient,c,262144,262144,6.055058e+00,4.896831e-03
10,10,patient,c,262144,262144,1.126308e+01,3.301374e-03
10,20,patient,c,262144,262144,1.780258e+01,7.991541e-04
10,40,patient,c,262144,262144,2.832274e+01,5.827947e-04
10,1,patient,r,4096x2,8192,4.305017e-02,1.167372e-05
10,2,patient,r,4096x2,8192,1.698618e-01,4.862818e-05
10,4,patient,r,4096x2,8192,3.250278e-01,4.440321e-05
10,8,patient,r,4096x2,8192,5.357188e-01,4.240446e-05
10,10,patient,r,4096x2,8192,9.517980e-01,4.593175e-05
10,20,patient,r,4096x2,8192,1.419854e+00,5.439399e-05
10,40,patient,r,4096x2,8192,2.098388e+00,5.738576e-05
10,1,patient,r,4096x8,32768,4.234317e-02,5.044627e-05
10,2,patient,r,4096x8,32768,1.718898e-01,6.046620e-04
10,4,patient,r,4096x8,32768,3.274652e-01,8.293104e-04
10,8,patient,r,4096x8,32768,5.301850e-01,9.691449e-05
10,10,patient,r,4096x8,32768,9.748072e-01,4.042019e-05
10,20,patient,r,4096x8,32768,1.501115e+00,4.781593e-05
10,40,patient,r,4096x8,32768,2.250848e+00,8.548741e-05
10,1,patient,r,4096x32,131072,4.234504e-02,2.032896e-04
10,2,patient,r,4096x32,131072,1.721997e-01,8.819844e-04
10,4,patient,r,4096x32,131072,3.287637e-01,1.227157e-03
10,8,patient,r,4096x32,131072,5.295806e-01,1.233802e-03
10,10,patient,r,4096x32,131072,9.859399e-01,3.038947e-04
10,20,patient,r,4096x32,131072,1.466473e+00,8.052516e-05
10,40,patient,r,4096x32,131072,2.128786e+00,1.034142e-04
10,1,patient,r,4096x256,1048576,4.355292e-02,2.114674e-03
10,2,patient,r,4096x256,1048576,1.763714e-01,2.261231e-03
10,4,patient,r,4096x256,1048576,3.302112e-01,2.316391e-03
10,8,patient,r,4096x256,1048576,5.332470e-01,2.432605e-03
10,10,patient,r,4096x256,1048576,9.315213e-01,1.438119e-03
10,20,patient,r,4096x256,1048576,1.358501e+00,1.378407e-03
10,40,patient,r,4096x256,1048576,2.143240e+00,1.385043e-03
10,1,patient,r,16384x2,32768,9.157629e-02,5.751711e-05
10,2,patient,r,16384x2,32768,3.659320e-01,4.056381e-04
10,4,patient,r,16384x2,32768,7.188200e-01,6.991095e-04
10,8,patient,r,16384x2,32768,1.203547e+00,5.143568e-04
10,10,patient,r,16384x2,32768,2.208796e+00,6.187543e-05
10,20,patient,r,16384x2,32768,3.381025e+00,9.070133e-05
10,40,patient,r,16384x2,32768,5.135872e+00,1.040275e-04
10,1,patient,r,16384x8,131072,9.189529e-02,2.459315e-04
10,2,patient,r,16384x8,131072,3.760998e-01,4.674314e-03
10,4,patient,r,16384x8,131072,7.295536e-01,4.614292e-03
10,8,patient,r,16384x8,131072,1.188365e+00,6.954511e-04
10,10,patient,r,16384x8,131072,2.231819e+00,1.103227e-03
10,20,patient,r,16384x8,131072,3.500776e+00,1.098098e-03
10,40,patient,r,16384x8,131072,5.429232e+00,1.176100e-04
10,1,patient,r,16384x32,524288,9.297738e-02,1.012113e-03
10,2,patient,r,16384x32,524288,3.754126e-01,6.820713e-03
10,4,patient,r,16384x32,524288,7.275999e-01,7.805083e-03
10,8,patient,r,16384x32,524288,1.197955e+00,2.383690e-03
10,10,patient,r,16384x32,524288,2.264852e+00,1.809497e-03
10,20,patient,r,16384x32,524288,3.452676e+00,1.628212e-03
10,40,patient,r,16384x32,524288,5.187000e+00,2.143775e-03
10,1,patient,c,1024x32x32,1048576,3.516437e-02,1.935055e-02
10,2,patient,c,1024x32x32,1048576,1.435433e-01,6.933396e-02
10,4,patient,c,1024x32x32,1048576,2.548612e-01,8.128873e-02
10,8,patient,c,1024x32x32,1048576,3.927655e-01,3.501725e-02
10,10,patient,c,1024x32x32,1048576,7.361385e-01,3.793979e-02
10,20,patient,c,1024x32x32,1048576,1.050221e+00,3.375639e-03
10,40,patient,c,1024x32x32,1048576,1.489867e+00,3.575945e-03
