julia_threads,blas_threads,p_over_pcr,rule,nr,rtol,time_s,relerr,points_median,points_max
8,1,0.80,adaptive,0,1e-03,57.95,6.58e-05,63,255
8,8,0.80,adaptive,0,1e-03,63.35,6.58e-05,63,255
8,1,0.80,adaptive,0,1e-04,189.29,1.95e-05,255,1023
8,8,0.80,adaptive,0,1e-04,214.82,1.95e-05,255,1023
8,1,0.80,fixed,32,0e+00,11.62,4.70e-04,32,32
8,8,0.80,fixed,32,0e+00,24.16,4.70e-04,32,32
8,1,0.80,fixed,64,0e+00,16.34,5.39e-05,64,64
8,8,0.80,fixed,64,0e+00,38.05,5.39e-05,64,64
8,1,0.80,fixed,128,0e+00,26.71,2.33e-05,128,128
8,8,0.80,fixed,128,0e+00,63.44,2.33e-05,128,128
8,1,0.95,adaptive,0,1e-03,73.90,1.52e-04,127,255
8,8,0.95,adaptive,0,1e-03,82.55,1.52e-04,127,255
8,1,0.95,adaptive,0,1e-04,277.26,5.15e-05,511,1023
8,8,0.95,adaptive,0,1e-04,343.26,5.15e-05,511,1023
8,1,0.95,fixed,32,0e+00,12.64,1.11e-03,32,32
8,8,0.95,fixed,32,0e+00,25.90,1.11e-03,32,32
8,1,0.95,fixed,64,0e+00,17.49,1.58e-04,64,64
8,8,0.95,fixed,64,0e+00,41.47,1.58e-04,64,64
8,1,0.95,fixed,128,0e+00,28.54,5.15e-05,128,128
8,8,0.95,fixed,128,0e+00,74.69,5.15e-05,128,128
1,1,0.80,adaptive,0,1e-03,100.57,6.58e-05,63,255
1,8,0.80,adaptive,0,1e-03,103.40,6.58e-05,63,255
1,1,0.80,adaptive,0,1e-04,369.75,1.95e-05,255,1023
1,8,0.80,adaptive,0,1e-04,377.05,1.95e-05,255,1023
1,1,0.80,fixed,32,0e+00,29.39,4.70e-04,32,32
1,8,0.80,fixed,32,0e+00,29.44,4.70e-04,32,32
1,1,0.80,fixed,64,0e+00,53.73,5.39e-05,64,64
1,8,0.80,fixed,64,0e+00,53.87,5.39e-05,64,64
1,1,0.80,fixed,128,0e+00,101.59,2.33e-05,128,128
1,8,0.80,fixed,128,0e+00,101.25,2.33e-05,128,128
1,1,0.95,adaptive,0,1e-03,133.87,1.52e-04,127,255
1,8,0.95,adaptive,0,1e-03,137.45,1.52e-04,127,255
1,1,0.95,adaptive,0,1e-04,543.75,5.15e-05,511,1023
1,8,0.95,adaptive,0,1e-04,553.65,5.15e-05,511,1023
1,1,0.95,fixed,32,0e+00,33.89,1.11e-03,32,32
1,8,0.95,fixed,32,0e+00,35.13,1.11e-03,32,32
1,1,0.95,fixed,64,0e+00,57.74,1.58e-04,64,64
1,8,0.95,fixed,64,0e+00,58.83,1.58e-04,64,64
1,1,0.95,fixed,128,0e+00,108.44,5.15e-05,128,128
1,8,0.95,fixed,128,0e+00,108.91,5.15e-05,128,128
