run,steps,time_s,ref,global,permode,energy,dB
fixed nr=256 rtol=1e-7 (refF),1257,87.1,refF,0.00e+00,0.00e+00,0.00e+00,0.00e+00
fixed nr=256 rtol=1e-7 (refF),1257,87.1,refA,9.06e-06,2.48e-03,5.51e-04,1.09e-03
adaptive 1e-5 rtol=1e-7 (refA),1199,892.1,refF,9.06e-06,2.48e-03,5.52e-04,1.09e-03
adaptive 1e-5 rtol=1e-7 (refA),1199,892.1,refA,0.00e+00,0.00e+00,0.00e+00,0.00e+00
adaptive 1e-3,754,80.9,refF,1.31e-04,1.21e-02,1.26e-03,6.79e-03
adaptive 1e-3,754,80.9,refA,1.28e-04,1.31e-02,1.35e-03,6.45e-03
adaptive 1e-4,741,274.6,refF,3.17e-05,3.84e-03,1.14e-03,1.50e-03
adaptive 1e-4,741,274.6,refA,2.82e-05,2.47e-03,5.90e-04,1.04e-03
fixed nr=32,777,12.8,refF,1.11e-03,8.34e-02,1.35e-02,4.97e-02
fixed nr=32,777,12.8,refA,1.10e-03,8.28e-02,1.29e-02,5.01e-02
fixed nr=64,758,18.0,refF,1.61e-04,2.32e-02,3.62e-03,1.32e-02
fixed nr=64,758,18.0,refA,1.69e-04,2.35e-02,4.08e-03,1.33e-02
fixed nr=128,748,34.7,refF,4.69e-05,9.81e-03,6.80e-04,2.82e-03
fixed nr=128,748,34.7,refA,4.49e-05,8.75e-03,6.96e-04,2.48e-03
fixed nr=256,742,59.0,refF,2.06e-05,2.16e-03,1.59e-04,7.43e-04
fixed nr=256,742,59.0,refA,2.37e-05,3.24e-03,4.25e-04,1.16e-03
fixed nr=64 rtol=1e-7,1448,37.4,refF,1.70e-04,2.43e-02,3.50e-03,1.23e-02
fixed nr=64 rtol=1e-7,1448,37.4,refA,1.78e-04,2.52e-02,3.56e-03,1.24e-02
