pid,kind,dims,flag,plan_s,exec_s
99711,c,1024x32x32,estimate,6.885e-02,1.3217e-02
99711,c,1024x32x32,measure,3.125e-03,1.2892e-02
99711,c,1024x32x32,patient,3.525e-02,1.9142e-02
99711,r,4096x256,estimate,8.025e-03,1.5639e-03
99711,r,4096x256,measure,7.604e-03,1.5624e-03
99711,r,4096x256,patient,4.363e-02,2.1853e-03
99711,r,16384x32,estimate,8.279e-04,9.1593e-04
99711,r,16384x32,measure,1.373e-02,9.1946e-04
99711,r,16384x32,patient,9.179e-02,1.0126e-03
99711,r,131072,estimate,7.729e-03,4.3502e-04
99711,r,131072,measure,1.915e-02,3.3447e-04
99711,r,131072,patient,2.516e-01,3.3640e-04
99711,c,16384,estimate,5.149e-03,1.0745e-04
99711,c,16384,measure,6.382e-03,1.1839e-04
99711,c,16384,patient,1.176e-01,1.1854e-04
99718,c,1024x32x32,estimate,6.896e-02,1.3259e-02
99718,c,1024x32x32,measure,3.265e-03,1.2894e-02
99718,c,1024x32x32,patient,3.545e-02,1.9499e-02
99718,r,4096x256,estimate,8.523e-03,1.5718e-03
99718,r,4096x256,measure,7.661e-03,1.5631e-03
99718,r,4096x256,patient,4.412e-02,2.0953e-03
99718,r,16384x32,estimate,9.028e-04,9.2084e-04
99718,r,16384x32,measure,1.069e-02,9.2952e-04
99718,r,16384x32,patient,9.199e-02,1.0394e-03
99718,r,131072,estimate,7.395e-03,4.3297e-04
99718,r,131072,measure,1.927e-02,3.3434e-04
99718,r,131072,patient,2.528e-01,3.3536e-04
99718,c,16384,estimate,5.291e-03,1.0792e-04
99718,c,16384,measure,6.432e-03,1.1854e-04
99718,c,16384,patient,1.173e-01,1.1794e-04
99783,c,1024x32x32,estimate,6.932e-02,1.3227e-02
99783,c,1024x32x32,measure,3.128e-03,1.2889e-02
99783,c,1024x32x32,patient,3.518e-02,1.9265e-02
99783,r,4096x256,estimate,8.558e-03,1.5678e-03
99783,r,4096x256,measure,7.604e-03,1.5653e-03
99783,r,4096x256,patient,4.480e-02,2.1214e-03
99783,r,16384x32,estimate,8.663e-04,9.0940e-04
99783,r,16384x32,measure,9.942e-03,9.1891e-04
99783,r,16384x32,patient,9.111e-02,9.8365e-04
99783,r,131072,estimate,7.263e-03,4.3923e-04
99783,r,131072,measure,1.915e-02,3.3460e-04
99783,r,131072,patient,2.522e-01,3.3579e-04
99783,c,16384,estimate,5.153e-03,1.0586e-04
99783,c,16384,measure,6.480e-03,1.1928e-04
99783,c,16384,patient,1.169e-01,1.1753e-04
