device,flag,julia_threads,fftw_threads,blas_threads,case,time_s,maxreldiff
cpu_pthreads,estimate,1,1,1,modeavg,2.1876,0.00e+00
cpu_pthreads,estimate,1,2,1,modeavg,2.3619,0.00e+00
cpu_pthreads,estimate,1,4,1,modeavg,2.3855,0.00e+00
cpu_pthreads,estimate,1,8,1,modeavg,2.8261,0.00e+00
cpu_pthreads,estimate,1,1,1,modeavg_long,7.9104,0.00e+00
cpu_pthreads,estimate,1,2,1,modeavg_long,7.5485,0.00e+00
cpu_pthreads,estimate,1,4,1,modeavg_long,7.5446,0.00e+00
cpu_pthreads,estimate,1,8,1,modeavg_long,7.4105,0.00e+00
cpu_pthreads,estimate,1,1,1,radial_big,20.3461,0.00e+00
cpu_pthreads,estimate,1,1,8,radial_big,7.2728,0.00e+00
cpu_pthreads,estimate,1,2,1,radial_big,20.2335,0.00e+00
cpu_pthreads,estimate,1,2,8,radial_big,7.2520,0.00e+00
cpu_pthreads,estimate,1,4,1,radial_big,20.1031,0.00e+00
cpu_pthreads,estimate,1,4,8,radial_big,7.1719,0.00e+00
cpu_pthreads,estimate,1,8,1,radial_big,21.3050,0.00e+00
cpu_pthreads,estimate,1,8,8,radial_big,8.9383,0.00e+00
cpu_pthreads,estimate,1,1,1,free3d_big,5.4443,0.00e+00
cpu_pthreads,estimate,1,2,1,free3d_big,4.7548,0.00e+00
cpu_pthreads,estimate,1,4,1,free3d_big,4.4731,0.00e+00
cpu_pthreads,estimate,1,8,1,free3d_big,4.3146,0.00e+00
