machine,setting,julia_threads,case,scale,setup_s,run_s,steps,ms_per_step
HW-WYQH90RQMT,cpu64_t8,8,modeavg,1,0.06,2.02,725,2.78
HW-WYQH90RQMT,cpu64_t8,8,modal_adaptive,1,0.20,73.99,754,98.14
HW-WYQH90RQMT,cpu64_t8,8,modal_fixed64,1,0.24,15.24,758,20.11
HW-WYQH90RQMT,cpu64_t8,8,modal_fixed128,1,0.24,25.16,748,33.63
HW-WYQH90RQMT,cpu64_t8,8,radial256,1,0.21,14.52,105,138.26
HW-WYQH90RQMT,cpu64_t8,8,radial1024,1,0.52,129.09,121,1066.84
HW-WYQH90RQMT,cpu64_t8,8,free3d64,1,0.28,7.72,53,145.70
HW-WYQH90RQMT,cpu64_t8,8,free3d128,1,0.92,29.26,54,541.93
HW-WYQH90RQMT,cpu32_t8,8,modeavg,1,0.07,1.87,725,2.58
HW-WYQH90RQMT,metal32,8,modeavg,1,0.05,5.53,725,7.63
HW-WYQH90RQMT,metal32,8,modal_fixed64,1,0.24,9.69,757,12.80
HW-WYQH90RQMT,metal32,8,modal_fixed128,1,0.24,11.18,748,14.95
HW-WYQH90RQMT,metal32,8,radial256,1,0.38,3.64,106,34.35
HW-WYQH90RQMT,metal32,8,radial1024,1,2.30,15.56,122,127.52
HW-WYQH90RQMT,metal32,8,free3d64,1,0.53,2.59,55,47.13
HW-WYQH90RQMT,metal32,8,free3d128,1,1.38,8.56,57,150.16
HW-WYQH90RQMT,metal32_s100,8,modeavg,1,0.05,4.90,725,6.76
HW-WYQH90RQMT,metal32_s100,8,modal_fixed64,1,0.22,6.65,757,8.78
HW-WYQH90RQMT,metal32_s100,8,modal_fixed128,1,0.22,8.68,748,11.61
HW-WYQH90RQMT,cpu64_t1,1,modeavg,1,0.06,2.08,725,2.86
HW-WYQH90RQMT,cpu64_t1,1,modeavg_long,1,0.12,6.60,285,23.16
HW-WYQH90RQMT,cpu64_t1,1,modal_adaptive,1,0.21,134.21,754,178.00
HW-WYQH90RQMT,cpu64_t1,1,modal_fixed64,1,0.28,50.45,757,66.64
HW-WYQH90RQMT,cpu64_t1,1,modal_fixed128,1,0.29,98.23,748,131.33
HW-WYQH90RQMT,cpu64_t1,1,radial256,1,0.17,23.53,105,224.06
HW-WYQH90RQMT,cpu64_t1,1,radial512,1,0.21,59.14,120,492.81
HW-WYQH90RQMT,cpu64_t1,1,radial1024,1,0.57,143.59,121,1186.70
HW-WYQH90RQMT,cpu64_t1,1,free3d64,1,0.33,23.12,53,436.15
HW-WYQH90RQMT,cpu64_t1,1,free3d128,1,1.20,99.72,54,1846.58
HW-WYQH90RQMT,metal32_s100,8,modeavg,1,0.05,4.81,725,6.64
HW-WYQH90RQMT,metal32_s100,8,modeavg_long,1,0.06,2.36,285,8.28
HW-WYQH90RQMT,metal32_s100,8,modal_fixed64,1,0.21,6.78,757,8.96
HW-WYQH90RQMT,metal32_s100,8,modal_fixed128,1,0.21,8.77,748,11.73
HW-WYQH90RQMT,metal32_s100,8,radial256,1,0.34,2.86,106,26.94
HW-WYQH90RQMT,metal32_s100,8,radial512,1,0.42,5.43,122,44.50
HW-WYQH90RQMT,metal32_s100,8,radial1024,1,0.63,11.94,122,97.90
HW-WYQH90RQMT,metal32_s100,8,free3d64,1,0.54,2.44,55,44.36
HW-WYQH90RQMT,metal32_s100,8,free3d128,1,1.26,8.08,57,141.80
HW-WYQH90RQMT,metal32_s100,8,free3d256,1,3.98,32.95,57,578.09
HW-WYQH90RQMT,cpu32_t8,8,modeavg,1,0.06,1.82,725,2.51
HW-WYQH90RQMT,cpu32_t8,8,modeavg_long,1,0.05,4.91,285,17.24
HW-WYQH90RQMT,cpu32_t8,8,modal_fixed64,1,0.22,12.52,758,16.51
HW-WYQH90RQMT,cpu32_t8,8,modal_fixed128,1,0.21,21.57,748,28.83
HW-WYQH90RQMT,cpu32_t8,8,radial256,1,0.15,9.91,106,93.47
HW-WYQH90RQMT,cpu32_t8,8,radial512,1,0.26,27.14,122,222.48
HW-WYQH90RQMT,cpu32_t8,8,radial1024,1,0.53,74.76,122,612.82
HW-WYQH90RQMT,cpu32_t8,8,free3d64,1,0.26,6.29,55,114.40
HW-WYQH90RQMT,cpu32_t8,8,free3d128,1,0.82,25.82,56,461.04
HW-WYQH90RQMT,cpu32_t8,8,free3d256,1,3.04,100.24,57,1758.62
HW-WYQH90RQMT,cpu64_t8,8,modeavg,1,0.06,2.14,725,2.95
HW-WYQH90RQMT,cpu64_t8,8,modeavg_long,1,0.09,5.24,285,18.39
HW-WYQH90RQMT,cpu64_t8,8,modal_adaptive,1,0.20,72.99,754,96.81
HW-WYQH90RQMT,cpu64_t8,8,modal_fixed64,1,0.24,15.55,758,20.52
HW-WYQH90RQMT,cpu64_t8,8,modal_fixed128,1,0.24,25.34,748,33.88
HW-WYQH90RQMT,cpu64_t8,8,radial256,1,0.14,14.39,105,137.01
HW-WYQH90RQMT,cpu64_t8,8,radial512,1,0.25,42.10,120,350.85
HW-WYQH90RQMT,cpu64_t8,8,radial1024,1,0.44,128.07,121,1058.46
HW-WYQH90RQMT,cpu64_t8,8,free3d64,1,0.27,7.64,53,144.22
HW-WYQH90RQMT,cpu64_t8,8,free3d128,1,0.71,29.83,54,552.47
HW-WYQH90RQMT,cpu64_t8,8,free3d256,1,2.68,117.85,54,2182.50
HW-WYQH90RQMT,metal32,8,modeavg,1,0.05,5.66,725,7.80
HW-WYQH90RQMT,metal32,8,modeavg_long,1,0.06,3.21,285,11.28
HW-WYQH90RQMT,metal32,8,modal_fixed64,1,0.22,9.58,757,12.66
HW-WYQH90RQMT,metal32,8,modal_fixed128,1,0.22,11.13,748,14.88
HW-WYQH90RQMT,metal32,8,radial256,1,0.34,3.41,106,32.18
HW-WYQH90RQMT,metal32,8,radial512,1,0.56,6.08,122,49.86
HW-WYQH90RQMT,metal32,8,radial1024,1,0.71,13.61,122,111.53
HW-WYQH90RQMT,metal32,8,free3d64,1,0.51,2.44,55,44.31
HW-WYQH90RQMT,metal32,8,free3d128,1,1.21,8.22,57,144.16
HW-WYQH90RQMT,metal32,8,free3d256,1,4.02,34.68,57,608.37
HW-WYQH90RQMT,cpu64_t4,4,modeavg,1,0.06,2.09,725,2.88
HW-WYQH90RQMT,cpu64_t4,4,modeavg_long,1,0.09,4.25,285,14.91
HW-WYQH90RQMT,cpu64_t4,4,modal_adaptive,1,0.21,78.95,754,104.71
HW-WYQH90RQMT,cpu64_t4,4,modal_fixed64,1,0.24,18.31,758,24.15
HW-WYQH90RQMT,cpu64_t4,4,modal_fixed128,1,0.26,31.60,748,42.25
HW-WYQH90RQMT,cpu64_t4,4,radial256,1,0.14,14.73,105,140.26
HW-WYQH90RQMT,cpu64_t4,4,radial512,1,0.22,43.22,120,360.16
HW-WYQH90RQMT,cpu64_t4,4,radial1024,1,0.47,130.26,121,1076.55
HW-WYQH90RQMT,cpu64_t4,4,free3d64,1,0.29,9.57,53,180.60
HW-WYQH90RQMT,cpu64_t4,4,free3d128,1,0.78,38.47,54,712.47
HW-WYQH90RQMT,cpu64_t8_s100,8,modeavg,1,0.06,1.82,725,2.50
HW-WYQH90RQMT,cpu64_t8_s100,8,modeavg_long,1,0.05,5.52,285,19.37
HW-WYQH90RQMT,cpu64_t8_s100,8,modal_adaptive,1,0.23,63.68,754,84.46
HW-WYQH90RQMT,cpu64_t8_s100,8,modal_fixed64,1,0.26,14.69,758,19.38
HW-WYQH90RQMT,cpu64_t8_s100,8,modal_fixed128,1,0.27,23.17,748,30.98
HW-WYQH90RQMT,cpu64_t8_s100,8,radial256,1,0.15,14.22,105,135.42
HW-WYQH90RQMT,cpu64_t8_s100,8,radial512,1,0.18,41.14,120,342.82
HW-WYQH90RQMT,cpu64_t8_s100,8,radial1024,1,0.51,124.55,121,1029.37
HW-WYQH90RQMT,cpu64_t8_s100,8,free3d64,1,0.27,8.13,53,153.42
HW-WYQH90RQMT,cpu64_t8_s100,8,free3d128,1,0.78,29.33,54,543.16
HW-WYQH90RQMT,cpu64_t8_s100,8,free3d256,1,2.41,118.98,54,2203.42
HW-WYQH90RQMT,cpu64_t10,10,modeavg,1,0.06,2.06,725,2.84
HW-WYQH90RQMT,cpu64_t10,10,modeavg_long,1,0.09,5.94,285,20.83
HW-WYQH90RQMT,cpu64_t10,10,modal_adaptive,1,0.23,83.86,754,111.22
HW-WYQH90RQMT,cpu64_t10,10,modal_fixed64,1,0.26,17.23,758,22.74
HW-WYQH90RQMT,cpu64_t10,10,modal_fixed128,1,0.27,27.89,748,37.29
HW-WYQH90RQMT,cpu64_t10,10,radial256,1,0.14,14.07,105,133.96
HW-WYQH90RQMT,cpu64_t10,10,radial512,1,0.24,41.05,120,342.11
HW-WYQH90RQMT,cpu64_t10,10,radial1024,1,0.63,126.09,121,1042.04
HW-WYQH90RQMT,cpu64_t10,10,free3d64,1,0.28,8.70,53,164.14
HW-WYQH90RQMT,cpu64_t10,10,free3d128,1,0.75,34.41,54,637.17
HW-WYQH90RQMT,metal32,8,modeavg,1,0.05,5.35,725,7.38
HW-WYQH90RQMT,metal32,8,modeavg_long,1,0.05,3.16,285,11.08
HW-WYQH90RQMT,metal32,8,modal_fixed64,1,0.21,9.39,757,12.40
HW-WYQH90RQMT,metal32,8,modal_fixed128,1,0.21,11.17,748,14.93
HW-WYQH90RQMT,metal32,8,radial256,1,0.36,3.64,106,34.31
HW-WYQH90RQMT,metal32,8,radial512,1,0.40,6.01,122,49.28
HW-WYQH90RQMT,metal32,8,radial1024,1,0.98,13.40,122,109.81
HW-WYQH90RQMT,metal32,8,free3d64,1,0.50,2.44,55,44.31
HW-WYQH90RQMT,metal32,8,free3d128,1,1.21,8.19,57,143.70
HW-WYQH90RQMT,metal32,8,free3d256,1,4.07,33.87,57,594.21
HW-WYQH90RQMT,cpu64_t8,8,modeavg,1,0.06,2.05,725,2.83
HW-WYQH90RQMT,cpu64_t8,8,modeavg_long,1,0.09,5.05,285,17.72
HW-WYQH90RQMT,cpu64_t8,8,modal_adaptive,1,0.20,81.71,754,108.37
HW-WYQH90RQMT,cpu64_t8,8,modal_fixed64,1,0.24,15.44,758,20.38
HW-WYQH90RQMT,cpu64_t8,8,modal_fixed128,1,0.24,24.88,748,33.26
HW-WYQH90RQMT,cpu64_t8,8,radial256,1,0.14,14.47,105,137.76
HW-WYQH90RQMT,cpu64_t8,8,radial512,1,0.24,42.11,120,350.89
HW-WYQH90RQMT,cpu64_t8,8,radial1024,1,0.44,128.36,121,1060.81
HW-WYQH90RQMT,cpu64_t8,8,free3d64,1,0.28,8.41,53,158.74
HW-WYQH90RQMT,cpu64_t8,8,free3d128,1,0.76,29.27,54,541.96
HW-WYQH90RQMT,cpu64_t8,8,free3d256,1,2.64,119.23,54,2208.03
HW-WYQH90RQMT,cpu64_t1_b1,1,modeavg,1,0.06,2.06,725,2.84
HW-WYQH90RQMT,cpu64_t1_b1,1,modeavg_long,1,0.06,6.61,285,23.20
HW-WYQH90RQMT,cpu64_t1_b1,1,modal_adaptive,1,0.20,133.39,754,176.92
HW-WYQH90RQMT,cpu64_t1_b1,1,modal_fixed64,1,0.26,48.98,757,64.71
HW-WYQH90RQMT,cpu64_t1_b1,1,modal_fixed128,1,0.27,92.24,748,123.31
HW-WYQH90RQMT,cpu64_t1_b1,1,radial256,1,0.17,38.20,105,363.85
HW-WYQH90RQMT,cpu64_t1_b1,1,radial512,1,0.27,129.60,120,1080.00
HW-WYQH90RQMT,cpu64_t1_b1,1,radial1024,1,0.91,430.29,121,3556.09
HW-WYQH90RQMT,cpu64_t1_b1,1,free3d64,1,0.41,22.69,53,428.11
HW-WYQH90RQMT,cpu64_t1_b1,1,free3d128,1,0.98,99.92,54,1850.32
